Warehouse,Product,Stock Level,Reorder Level,Supplier,Last Updated,Transport Cost
WH-A,Laptop,145.0,238,Supplier-Z,2025-11-09,2037
WH-E,Mobile,,73,Supplier-B,2024-09-25,2261
WH-B,Laptop,121.0,229,Supplier-B,2024-07-20,2592
WH-D,Monitor,321.0,51,Supplier-A,2026-01-27,3101
WH-B,Printer,162.0,245,Supplier-Z,2025-01-30,2308
WH-A,Mobile,69.0,138,Supplier-A,2025-01-07,1766
WH-C,Laptop,294.0,146,Supplier-A,2024-12-21,2972
WH-E,Keyboard,473.0,197,Supplier-B,2024-10-17,3117
WH-A,Laptop,415.0,70,Supplier-Y,2026-01-24,3132
WH-B,Mobile,162.0,143,Supplier-A,2024-09-18,2019
WH-C,Mouse,363.0,224,Supplier-Y,2025-12-08,2220
WH-A,Tablet,393.0,168,Supplier-B,2026-01-27,2823
WH-C,Monitor,451.0,64,Supplier-Z,2026-05-24,2920
WH-A,Mouse,,195,Supplier-A,2025-08-28,1048
WH-C,Monitor,222.0,214,Supplier-A,2024-09-06,2450
WH-B,Keyboard,146.0,187,Supplier-Y,2025-10-02,1272
WH-E,Printer,224.0,85,Supplier-B,2025-05-24,3382
WH-D,Mobile,460.0,210,Supplier-X,2024-07-25,3011
WH-D,Mobile,215.0,169,Supplier-A,2024-07-24,2765
WH-C,Laptop,369.0,242,Supplier-X,2024-09-11,2993
WH-C,Mobile,242.0,50,Supplier-Z,2024-12-17,2645
WH-C,Tablet,487.0,210,Supplier-B,2024-12-28,3463
WH-E,Monitor,211.0,188,Supplier-Y,2025-07-28,2781
WH-E,Laptop,185.0,78,Supplier-B,2025-10-11,3290
WH-C,Monitor,143.0,70,Supplier-X,2024-07-21,1722
WH-D,Mobile,412.0,218,Supplier-B,2025-09-09,3429
WH-E,Tablet,290.0,158,Supplier-Z,2024-12-02,3028
WH-E,Monitor,224.0,216,Supplier-Z,2026-01-08,2713
WH-D,Camera,146.0,136,Supplier-X,2025-11-17,2498
WH-E,Monitor,,231,Supplier-B,2025-12-27,2373
WH-A,Monitor,,134,Supplier-X,2025-08-28,886
WH-E,Monitor,362.0,188,Supplier-Z,2025-05-22,3003
WH-E,Camera,421.0,154,Supplier-Y,2024-12-19,3710
WH-A,Mobile,201.0,169,Supplier-A,2025-06-14,2295
WH-A,Mobile,226.0,77,Supplier-X,2025-10-01,1755
WH-B,Monitor,249.0,96,Supplier-B,2025-02-02,2339
WH-D,Monitor,246.0,190,Supplier-X,2026-03-21,2238
WH-A,Laptop,494.0,110,Supplier-X,2026-05-07,2917
WH-D,Camera,129.0,65,Supplier-A,2024-07-06,2821
WH-D,Laptop,155.0,250,Supplier-A,2026-02-10,2947
WH-C,Printer,358.0,89,Supplier-B,2026-03-18,3221
WH-C,Monitor,316.0,65,Supplier-X,2024-11-02,2580
WH-C,Laptop,319.0,185,Supplier-X,2025-12-25,2787
WH-A,Mobile,55.0,222,Supplier-Y,2025-05-25,1656
WH-B,Printer,475.0,198,Supplier-X,2025-03-22,3179
WH-A,Mobile,356.0,183,Supplier-A,2025-02-01,2479
WH-C,Monitor,142.0,83,Supplier-Z,2024-10-29,2219
WH-C,Camera,495.0,68,Supplier-Z,2024-12-15,3539
WH-D,Mobile,295.0,117,Supplier-X,2026-02-14,2502
WH-C,Mobile,209.0,162,Supplier-Y,2025-03-19,2503
WH-E,Keyboard,433.0,52,Supplier-B,2024-09-18,3240
WH-E,Keyboard,500.0,117,Supplier-X,2024-09-11,2759
WH-A,Tablet,164.0,233,Supplier-Z,2025-04-22,1917
WH-B,Keyboard,270.0,63,Supplier-B,2024-09-14,1857
WH-D,Keyboard,21.0,83,Supplier-X,2025-04-05,1389
WH-C,Tablet,302.0,193,Supplier-A,2026-04-20,2660
WH-A,Mobile,,144,Supplier-Y,2025-03-25,1348
WH-E,Tablet,,143,Supplier-A,2025-10-12,2557
WH-A,Mouse,369.0,76,Supplier-Y,2025-01-22,1688
WH-E,Printer,403.0,110,Supplier-B,2026-03-19,4101
WH-B,Tablet,32.0,135,Supplier-A,2024-08-03,2046
WH-D,Monitor,101.0,77,Supplier-Z,2026-01-18,2148
WH-A,Camera,122.0,167,Supplier-Y,2025-06-22,2095
WH-C,Monitor,32.0,152,Supplier-Y,2025-08-21,1614
WH-C,Mobile,199.0,152,Supplier-Z,2024-10-05,2494
WH-E,Mouse,79.0,116,Supplier-X,2026-06-17,1428
WH-E,Keyboard,75.0,138,Supplier-X,2025-04-21,1798
WH-C,Printer,281.0,197,Supplier-B,2024-08-31,2990
WH-C,Laptop,20.0,187,Supplier-A,2025-09-02,2461
WH-B,Mouse,55.0,134,Supplier-A,2025-02-13,1284
WH-C,Mobile,279.0,154,Supplier-Z,2026-04-06,2554
WH-D,Keyboard,85.0,220,Supplier-B,2025-11-01,1849
WH-B,Keyboard,300.0,127,Supplier-A,2025-10-24,1946
WH-B,Printer,330.0,169,Supplier-B,2026-05-19,3066
WH-D,Monitor,262.0,238,Supplier-B,2026-05-01,2722
WH-A,Keyboard,359.0,135,Supplier-B,2025-04-07,1924
WH-B,Keyboard,432.0,56,Supplier-Y,2025-09-22,2019
WH-B,Camera,455.0,166,Supplier-B,2024-11-27,3627
WH-E,Monitor,273.0,87,Supplier-A,2025-12-30,3104
WH-A,Mobile,132.0,228,Supplier-A,2024-08-24,1911
WH-D,Laptop,147.0,81,Supplier-B,2024-08-05,3024
WH-B,Camera,306.0,243,Supplier-B,2025-11-26,3194
WH-E,Printer,248.0,240,Supplier-B,2024-12-25,3635
WH-D,Camera,404.0,213,Supplier-Z,2026-02-21,3603
WH-E,Camera,160.0,232,Supplier-Y,2025-02-10,2976
WH-B,Keyboard,183.0,70,Supplier-Z,2024-08-31,1419
WH-B,Monitor,375.0,104,Supplier-A,2026-04-26,2507
WH-D,Printer,297.0,65,Supplier-Z,2024-12-28,3046
WH-D,Printer,,245,Supplier-B,2026-05-05,2544
WH-D,Camera,200.0,149,Supplier-X,2024-09-17,3086
WH-D,Monitor,132.0,174,Supplier-A,2025-04-22,2160
WH-D,Mouse,390.0,169,Supplier-A,2025-02-01,2435
WH-E,Laptop,323.0,56,Supplier-A,2025-06-18,3461
WH-D,Tablet,,147,Supplier-A,2025-11-06,2117
WH-B,Camera,192.0,147,Supplier-Z,2026-04-09,2568
WH-D,Keyboard,,188,Supplier-X,2025-04-10,1026
WH-C,Monitor,419.0,60,Supplier-X,2024-11-04,2893
WH-A,Monitor,,89,Supplier-Y,2025-04-14,1072
WH-B,Camera,308.0,169,Supplier-X,2025-04-02,2932
WH-C,Mouse,330.0,241,Supplier-Y,2024-12-10,2157
WH-A,Tablet,75.0,129,Supplier-Z,2025-12-03,1769
WH-D,Printer,58.0,210,Supplier-Y,2025-01-24,2248
WH-A,Keyboard,432.0,194,Supplier-B,2025-12-28,2496
WH-A,Mouse,239.0,67,Supplier-B,2026-06-28,1676
WH-C,Laptop,441.0,160,Supplier-A,2025-12-13,3558
WH-D,Tablet,110.0,216,Supplier-A,2025-11-16,2418
WH-E,Camera,243.0,201,Supplier-A,2024-08-25,3416
WH-C,Monitor,162.0,112,Supplier-X,2025-10-17,2120
WH-D,Printer,34.0,133,Supplier-Z,2025-11-06,2245
WH-D,Monitor,428.0,121,Supplier-Z,2024-11-10,3384
WH-E,Keyboard,25.0,98,Supplier-B,2025-08-19,1718
WH-B,Printer,304.0,226,Supplier-A,2026-01-18,2905
WH-D,Camera,67.0,153,Supplier-X,2025-01-07,2605
WH-B,Keyboard,208.0,185,Supplier-B,2024-11-04,1800
WH-D,Mouse,379.0,128,Supplier-Z,2025-06-25,2365
WH-B,Mobile,181.0,187,Supplier-Y,2025-04-21,2183
WH-B,Monitor,398.0,235,Supplier-Y,2025-01-26,2645
WH-E,Keyboard,446.0,108,Supplier-X,2026-06-19,2722
WH-B,Keyboard,382.0,120,Supplier-X,2025-11-10,1769
WH-A,Keyboard,346.0,175,Supplier-Y,2025-12-17,1590
WH-A,Keyboard,265.0,97,Supplier-A,2025-09-06,1521
WH-C,Camera,,175,Supplier-X,2024-12-18,1887
WH-E,Laptop,96.0,127,Supplier-Y,2025-12-14,2581
WH-B,Mobile,411.0,202,Supplier-B,2025-03-09,3187
WH-E,Monitor,214.0,163,Supplier-B,2026-04-16,2844
WH-E,Printer,311.0,206,Supplier-Z,2026-02-17,3561
WH-A,Monitor,155.0,90,Supplier-Y,2026-02-23,1537
WH-B,Mobile,21.0,226,Supplier-Y,2024-08-13,1617
WH-D,Keyboard,138.0,122,Supplier-X,2024-12-25,1773
WH-D,Mobile,493.0,210,Supplier-Y,2026-03-31,3430
WH-B,Printer,298.0,88,Supplier-X,2024-07-25,2480
WH-B,Mobile,104.0,202,Supplier-X,2026-03-18,1845
WH-E,Keyboard,83.0,127,Supplier-A,2025-03-03,2107
WH-D,Keyboard,296.0,70,Supplier-B,2025-05-08,2594
WH-A,Printer,329.0,73,Supplier-Z,2025-01-24,2554
WH-E,Laptop,,243,Supplier-Z,2024-08-21,2439
WH-D,Camera,112.0,161,Supplier-Z,2024-12-11,2911
WH-D,Mobile,198.0,132,Supplier-A,2026-06-10,2787
WH-A,Tablet,230.0,123,Supplier-Z,2025-09-14,2279
WH-D,Laptop,65.0,132,Supplier-A,2026-05-12,2504
WH-D,Laptop,256.0,98,Supplier-B,2026-01-09,3383
WH-C,Camera,,118,Supplier-A,2025-03-02,2431
WH-B,Keyboard,470.0,81,Supplier-A,2024-12-13,2324
WH-E,Monitor,179.0,191,Supplier-Y,2025-11-22,2495
WH-A,Monitor,256.0,215,Supplier-X,2025-07-23,2044
WH-B,Camera,280.0,156,Supplier-Z,2025-05-04,3117
WH-D,Camera,253.0,148,Supplier-Y,2026-05-19,3006
WH-E,Tablet,161.0,156,Supplier-X,2026-06-11,2507
WH-E,Keyboard,164.0,200,Supplier-X,2025-11-12,1988
WH-D,Tablet,295.0,135,Supplier-A,2025-06-22,3117
WH-E,Printer,497.0,98,Supplier-A,2024-10-19,4198
WH-B,Printer,458.0,61,Supplier-Y,2025-01-22,3086
WH-D,Printer,359.0,216,Supplier-A,2024-10-17,3304
WH-D,Laptop,277.0,134,Supplier-Y,2025-01-08,3326
WH-A,Camera,289.0,53,Supplier-X,2026-01-30,2686
WH-B,Printer,58.0,117,Supplier-Y,2025-09-10,1897
WH-E,Printer,456.0,222,Supplier-X,2025-08-23,3857
WH-E,Printer,340.0,244,Supplier-Z,2025-01-21,3519
WH-E,Laptop,55.0,225,Supplier-B,2026-02-01,2862
WH-B,Mobile,70.0,230,Supplier-A,2025-09-28,2106
WH-A,Camera,375.0,57,Supplier-Y,2025-05-29,2698
WH-C,Laptop,203.0,87,Supplier-Z,2026-05-29,2684
WH-E,Printer,369.0,93,Supplier-B,2025-09-27,3646
WH-A,Printer,369.0,199,Supplier-B,2025-05-07,2830
WH-B,Camera,255.0,52,Supplier-Z,2025-04-08,3026
WH-D,Keyboard,,138,Supplier-B,2024-12-18,1700
WH-C,Printer,253.0,100,Supplier-Z,2024-10-16,2805
WH-D,Mobile,215.0,197,Supplier-Y,2025-07-31,2446
WH-C,Laptop,,225,Supplier-A,2025-07-19,2448
WH-A,Camera,417.0,205,Supplier-Z,2024-09-09,3311
WH-C,Monitor,337.0,243,Supplier-Y,2026-02-08,2730
WH-B,Mobile,178.0,58,Supplier-X,2024-08-06,1980
WH-C,Tablet,485.0,241,Supplier-X,2026-04-30,3117
WH-B,Monitor,422.0,143,Supplier-Y,2024-09-24,2687
WH-E,Keyboard,151.0,173,Supplier-Y,2024-10-27,2165
WH-C,Mouse,259.0,86,Supplier-X,2025-10-31,1863
WH-B,Printer,,151,Supplier-B,2024-11-02,1857
WH-C,Mobile,208.0,222,Supplier-A,2026-03-08,2408
WH-E,Printer,75.0,170,Supplier-Z,2025-12-11,2487
WH-E,Mouse,133.0,212,Supplier-B,2025-05-24,2320
WH-D,Keyboard,79.0,59,Supplier-A,2025-10-07,1692
WH-D,Mobile,140.0,84,Supplier-X,2024-08-19,2168
WH-D,Mouse,234.0,236,Supplier-B,2025-04-25,2081
WH-D,Mobile,335.0,121,Supplier-A,2025-04-23,2871
WH-C,Monitor,247.0,142,Supplier-A,2025-10-06,2341
WH-C,Mouse,223.0,81,Supplier-X,2025-06-29,1803
WH-D,Mobile,348.0,55,Supplier-Y,2025-08-15,2719
WH-C,Monitor,422.0,67,Supplier-Y,2025-01-12,3040
WH-E,Monitor,130.0,109,Supplier-B,2025-09-03,2608
WH-B,Laptop,459.0,83,Supplier-Z,2026-04-30,3403
WH-C,Tablet,358.0,83,Supplier-X,2024-07-09,2531
WH-C,Monitor,,117,Supplier-B,2025-12-11,1676
WH-B,Printer,78.0,171,Supplier-B,2026-01-11,2313
WH-C,Mobile,277.0,207,Supplier-A,2024-09-27,2503
WH-E,Keyboard,349.0,65,Supplier-A,2025-12-12,2792
WH-D,Printer,271.0,163,Supplier-X,2026-05-19,2700
WH-A,Mouse,,120,Supplier-B,2025-08-22,1019
WH-E,Mouse,325.0,166,Supplier-A,2026-02-04,2633
WH-E,Printer,426.0,217,Supplier-X,2025-01-24,3661
WH-E,Monitor,251.0,155,Supplier-A,2026-02-17,2876
WH-D,Printer,,159,Supplier-A,2025-11-10,2310
WH-C,Mouse,371.0,67,Supplier-Y,2025-03-22,1959
WH-A,Mobile,69.0,145,Supplier-A,2024-09-25,1872
WH-B,Laptop,307.0,221,Supplier-B,2025-02-13,2933
WH-D,Mouse,464.0,63,Supplier-A,2025-06-03,2739
WH-E,Keyboard,73.0,104,Supplier-Z,2024-10-31,1698
WH-D,Monitor,199.0,144,Supplier-X,2025-06-18,2105
WH-C,Monitor,452.0,246,Supplier-A,2024-07-03,3325
WH-E,Laptop,495.0,227,Supplier-B,2026-01-12,4171
WH-A,Tablet,379.0,136,Supplier-Z,2026-05-12,2566
WH-A,Tablet,309.0,67,Supplier-Y,2026-01-10,2149
WH-A,Mobile,130.0,166,Supplier-B,2025-01-21,1914
WH-B,Mouse,389.0,195,Supplier-Z,2025-07-24,2172
WH-A,Laptop,100.0,62,Supplier-Y,2026-02-12,2095
WH-A,Keyboard,358.0,205,Supplier-A,2024-11-16,2000
WH-D,Keyboard,406.0,138,Supplier-Y,2025-07-30,2538
WH-A,Keyboard,269.0,128,Supplier-B,2026-06-09,1630
WH-B,Printer,,127,Supplier-B,2024-09-21,1958
WH-B,Keyboard,187.0,177,Supplier-Z,2026-05-08,1743
WH-D,Tablet,214.0,108,Supplier-Y,2025-10-29,2648
WH-E,Mouse,223.0,60,Supplier-X,2025-02-17,1992
WH-A,Camera,461.0,159,Supplier-X,2026-04-15,3126
WH-D,Printer,78.0,133,Supplier-Z,2025-11-09,2371
WH-E,Camera,65.0,77,Supplier-Z,2025-07-30,2769
WH-D,Printer,60.0,129,Supplier-B,2025-10-17,2811
WH-C,Monitor,418.0,180,Supplier-Z,2024-12-02,3028
WH-A,Monitor,199.0,215,Supplier-Z,2024-10-27,2064
WH-B,Monitor,94.0,94,Supplier-X,2025-04-17,1640
WH-B,Mobile,415.0,168,Supplier-Y,2026-02-13,2881
WH-E,Camera,349.0,209,Supplier-B,2024-11-03,3862
WH-C,Tablet,54.0,211,Supplier-A,2025-08-23,2067
WH-C,Laptop,,168,Supplier-Z,2026-02-25,2181
WH-A,Laptop,445.0,215,Supplier-Z,2026-06-17,3327
WH-A,Printer,317.0,239,Supplier-A,2025-08-16,2522
WH-D,Monitor,329.0,88,Supplier-Z,2026-06-14,2668
WH-D,Mobile,,215,Supplier-Z,2024-07-01,1838
WH-A,Monitor,244.0,206,Supplier-A,2025-10-09,1963
WH-C,Mouse,218.0,136,Supplier-Z,2025-03-09,1901
WH-E,Laptop,53.0,192,Supplier-Z,2025-07-15,2856
WH-D,Keyboard,390.0,204,Supplier-Z,2024-07-16,2817
WH-B,Mouse,318.0,139,Supplier-X,2024-09-25,1612
WH-D,Tablet,382.0,129,Supplier-B,2026-06-22,3482
WH-D,Mouse,363.0,239,Supplier-Y,2025-04-08,2439
WH-E,Mobile,280.0,142,Supplier-A,2026-05-14,3048
WH-B,Monitor,412.0,107,Supplier-Z,2026-04-07,2556
WH-B,Mobile,452.0,179,Supplier-Z,2026-03-19,3100
WH-E,Laptop,468.0,83,Supplier-Z,2025-02-24,4059
WH-D,Tablet,112.0,247,Supplier-Y,2025-01-02,2405
WH-B,Camera,230.0,234,Supplier-X,2024-08-14,2461
WH-D,Keyboard,139.0,129,Supplier-A,2025-01-04,2131
WH-D,Monitor,367.0,162,Supplier-Z,2026-05-13,2987
WH-C,Printer,290.0,91,Supplier-B,2025-09-14,3338
WH-B,Tablet,46.0,145,Supplier-Z,2024-08-31,1871
WH-A,Mobile,62.0,119,Supplier-Z,2024-09-05,1566
WH-E,Tablet,66.0,106,Supplier-A,2026-01-20,2766
WH-D,Mouse,,178,Supplier-X,2025-07-13,1091
WH-B,Printer,211.0,131,Supplier-X,2026-03-26,2133
WH-C,Tablet,39.0,170,Supplier-Y,2024-08-23,2023
WH-B,Camera,,70,Supplier-A,2026-02-11,1959
WH-C,Monitor,300.0,205,Supplier-Y,2025-08-18,2520
WH-D,Mobile,141.0,62,Supplier-Z,2026-02-15,2295
WH-D,Camera,76.0,177,Supplier-X,2024-10-06,2583
WH-E,Laptop,314.0,86,Supplier-B,2024-10-08,3641
WH-D,Laptop,200.0,156,Supplier-B,2025-11-25,3045
WH-A,Mouse,289.0,179,Supplier-X,2025-07-05,1450
WH-A,Printer,42.0,145,Supplier-A,2025-09-01,1805
WH-A,Mouse,196.0,218,Supplier-X,2024-11-06,1209
WH-A,Mouse,42.0,136,Supplier-Y,2025-01-22,942
WH-B,Camera,343.0,84,Supplier-A,2025-08-14,3011
WH-D,Laptop,,101,Supplier-Z,2026-05-09,2171
WH-C,Keyboard,223.0,189,Supplier-B,2025-10-15,2111
WH-C,Laptop,166.0,249,Supplier-Y,2025-05-25,2372
WH-C,Keyboard,429.0,152,Supplier-X,2024-12-12,2467
WH-D,Printer,115.0,177,Supplier-Z,2026-06-22,2583
WH-E,Keyboard,392.0,160,Supplier-X,2025-08-23,2684
WH-B,Keyboard,,219,Supplier-Z,2026-02-07,951
WH-C,Camera,387.0,226,Supplier-B,2026-01-18,3638
WH-C,Camera,392.0,140,Supplier-X,2025-12-18,3340
WH-D,Keyboard,58.0,153,Supplier-X,2024-12-04,1360
WH-E,Tablet,93.0,223,Supplier-X,2026-01-05,2529
WH-D,Laptop,54.0,215,Supplier-Y,2025-02-28,2399
WH-C,Printer,36.0,223,Supplier-B,2025-05-06,2388
WH-C,Mouse,,85,Supplier-A,2025-12-04,1271
WH-C,Printer,352.0,79,Supplier-Z,2025-11-17,2919
WH-B,Camera,218.0,80,Supplier-B,2025-04-17,2838
WH-C,Camera,333.0,175,Supplier-Y,2025-06-06,3051
WH-A,Tablet,251.0,232,Supplier-X,2026-05-30,2030
WH-A,Mouse,,188,Supplier-Z,2025-08-07,648
WH-C,Tablet,426.0,107,Supplier-Y,2025-06-16,2890
WH-B,Tablet,424.0,142,Supplier-Y,2024-10-02,2905
WH-E,Mouse,431.0,83,Supplier-A,2025-01-09,3006
WH-A,Mobile,223.0,234,Supplier-Z,2024-12-22,2064
WH-E,Printer,441.0,82,Supplier-A,2024-08-19,3835
WH-A,Camera,368.0,82,Supplier-A,2025-03-20,3303
WH-E,Tablet,241.0,64,Supplier-Y,2024-07-17,3098
WH-A,Tablet,104.0,231,Supplier-Z,2025-09-30,1677
WH-C,Keyboard,148.0,191,Supplier-X,2025-09-04,1384
WH-B,Keyboard,,214,Supplier-B,2024-12-26,1086
WH-E,Tablet,357.0,204,Supplier-Y,2025-10-01,3193
WH-E,Laptop,,214,Supplier-X,2024-12-19,2544
WH-E,Keyboard,412.0,208,Supplier-Y,2024-07-06,2863
WH-A,Camera,168.0,127,Supplier-B,2024-08-25,2601
WH-B,Printer,,65,Supplier-Z,2026-01-01,1730
WH-D,Printer,257.0,205,Supplier-A,2025-11-03,2994
WH-C,Mouse,224.0,144,Supplier-Z,2024-08-15,1835
WH-E,Mobile,143.0,118,Supplier-Z,2024-12-25,2609
WH-B,Tablet,45.0,148,Supplier-X,2024-08-22,1827
WH-E,Printer,463.0,133,Supplier-Y,2026-06-04,3834
WH-C,Monitor,275.0,169,Supplier-Y,2024-07-25,2430
WH-C,Camera,66.0,179,Supplier-X,2026-04-29,2282
WH-B,Monitor,,122,Supplier-B,2025-03-14,1703
WH-E,Camera,,77,Supplier-Z,2024-08-25,2670
WH-B,Keyboard,411.0,61,Supplier-Z,2025-08-04,2238
WH-A,Monitor,303.0,148,Supplier-Z,2025-01-01,2217
WH-D,Keyboard,368.0,82,Supplier-B,2025-02-02,2553
WH-D,Mouse,305.0,243,Supplier-Z,2025-12-02,2088
WH-B,Printer,,85,Supplier-B,2025-07-13,2215
WH-C,Camera,253.0,181,Supplier-B,2024-12-14,3080
WH-C,Mouse,221.0,239,Supplier-Y,2025-08-23,1894
WH-C,Mouse,444.0,175,Supplier-B,2024-10-11,2794
WH-E,Keyboard,,134,Supplier-A,2026-01-13,1844
WH-A,Printer,177.0,235,Supplier-B,2026-06-27,2627
WH-A,Camera,355.0,248,Supplier-Z,2026-05-17,3011
WH-E,Monitor,318.0,184,Supplier-X,2025-09-17,2926
WH-E,Printer,440.0,58,Supplier-Y,2025-09-21,3763
WH-A,Monitor,245.0,88,Supplier-X,2025-07-03,1796
WH-B,Printer,416.0,170,Supplier-B,2025-01-05,3544
WH-A,Tablet,126.0,219,Supplier-B,2026-03-02,2072
WH-E,Printer,108.0,186,Supplier-Z,2025-07-03,2749
WH-E,Mouse,332.0,113,Supplier-Z,2026-03-20,2438
WH-E,Keyboard,172.0,230,Supplier-Y,2025-05-13,1922
WH-D,Mouse,198.0,234,Supplier-A,2024-11-25,1934
WH-C,Mobile,366.0,151,Supplier-B,2024-09-12,3267
WH-C,Tablet,41.0,232,Supplier-Z,2024-09-14,1813
WH-C,Camera,402.0,101,Supplier-Z,2025-11-24,3679
WH-E,Keyboard,376.0,77,Supplier-B,2025-05-31,3043
WH-E,Monitor,45.0,185,Supplier-Y,2025-04-02,2000
WH-B,Laptop,231.0,170,Supplier-X,2025-05-26,2294
WH-B,Laptop,495.0,217,Supplier-B,2025-05-16,3885
WH-D,Camera,407.0,132,Supplier-Y,2025-06-28,3517
WH-A,Mobile,138.0,235,Supplier-B,2026-05-02,2199
WH-A,Tablet,471.0,59,Supplier-A,2026-01-18,3191
WH-D,Camera,499.0,124,Supplier-Y,2024-08-12,4095
WH-A,Laptop,310.0,135,Supplier-Z,2025-12-06,2625
WH-D,Camera,455.0,119,Supplier-Y,2025-11-20,3613
WH-A,Mouse,394.0,115,Supplier-Y,2025-11-14,1949
WH-B,Laptop,424.0,222,Supplier-Z,2024-09-15,3409
WH-B,Tablet,458.0,153,Supplier-B,2024-08-17,3447
WH-D,Mouse,225.0,97,Supplier-X,2025-05-09,1646
WH-D,Mouse,23.0,110,Supplier-Y,2026-01-17,1297
WH-C,Mouse,318.0,52,Supplier-Z,2025-03-21,1987
WH-C,Monitor,361.0,128,Supplier-X,2026-03-14,2414
WH-D,Keyboard,347.0,125,Supplier-X,2026-05-01,2229
WH-E,Monitor,88.0,166,Supplier-Y,2024-09-23,2396
WH-E,Mouse,379.0,170,Supplier-A,2025-01-10,2924
WH-E,Monitor,368.0,70,Supplier-Y,2024-11-26,3123
WH-D,Mouse,489.0,65,Supplier-X,2024-11-25,2791
WH-E,Monitor,294.0,133,Supplier-B,2025-08-21,3369
WH-E,Camera,368.0,199,Supplier-X,2025-06-14,3604
WH-A,Camera,252.0,156,Supplier-X,2024-10-17,2439
WH-E,Laptop,256.0,128,Supplier-B,2025-05-24,3688
WH-A,Printer,,105,Supplier-Z,2024-11-20,1746
WH-A,Laptop,196.0,188,Supplier-A,2025-02-02,2268
WH-A,Camera,166.0,246,Supplier-X,2025-06-25,2017
WH-D,Mouse,249.0,146,Supplier-A,2025-01-11,2139
WH-A,Tablet,80.0,187,Supplier-Z,2026-05-11,1691
WH-E,Tablet,,55,Supplier-Y,2026-06-18,2102
WH-D,Printer,214.0,113,Supplier-B,2024-08-28,3127
WH-C,Tablet,116.0,235,Supplier-Z,2025-06-10,2389
WH-A,Laptop,334.0,54,Supplier-A,2026-03-20,2775
WH-B,Mobile,,203,Supplier-X,2026-05-01,1494
WH-A,Monitor,225.0,188,Supplier-X,2026-04-26,1636
WH-A,Tablet,168.0,237,Supplier-B,2025-09-01,2248
WH-C,Mouse,174.0,219,Supplier-Y,2024-09-15,1588
WH-B,Printer,,201,Supplier-Z,2024-08-09,2100
WH-B,Printer,,138,Supplier-B,2025-11-19,2179
WH-D,Mouse,229.0,146,Supplier-A,2025-08-24,1981
WH-E,Camera,454.0,231,Supplier-Y,2026-04-11,3785
WH-D,Laptop,231.0,192,Supplier-B,2024-07-12,3314
WH-B,Printer,150.0,215,Supplier-Y,2024-09-11,2040
WH-D,Mouse,294.0,98,Supplier-X,2026-06-20,1808
WH-C,Printer,,68,Supplier-B,2026-02-06,2146
WH-E,Monitor,126.0,135,Supplier-A,2026-04-21,2483
WH-A,Monitor,399.0,243,Supplier-Y,2024-12-31,2392
WH-B,Monitor,488.0,132,Supplier-A,2024-11-07,3211
WH-C,Printer,293.0,128,Supplier-A,2025-05-12,2962
WH-C,Camera,70.0,234,Supplier-A,2025-07-13,2600
WH-C,Monitor,180.0,194,Supplier-Z,2025-07-09,2432
WH-B,Tablet,153.0,199,Supplier-X,2024-12-14,2005
WH-D,Keyboard,120.0,147,Supplier-Y,2026-05-03,1751
WH-B,Camera,355.0,136,Supplier-B,2025-05-08,3246
WH-D,Camera,106.0,140,Supplier-A,2026-06-01,2754
WH-B,Camera,489.0,214,Supplier-Y,2024-08-15,3247
WH-E,Laptop,438.0,245,Supplier-X,2024-11-05,3467
WH-D,Tablet,54.0,52,Supplier-Y,2025-04-21,2023
WH-E,Camera,50.0,220,Supplier-Z,2024-07-02,2915
WH-D,Camera,23.0,155,Supplier-X,2025-04-30,2125
WH-A,Keyboard,,228,Supplier-B,2025-01-22,1145
WH-D,Tablet,,88,Supplier-X,2026-06-20,1773
WH-B,Keyboard,156.0,70,Supplier-Z,2026-03-02,1459
WH-D,Camera,144.0,107,Supplier-B,2026-03-02,3035
WH-A,Laptop,227.0,191,Supplier-X,2025-06-19,2274
WH-A,Laptop,62.0,161,Supplier-Y,2025-02-07,1966
WH-C,Mobile,,104,Supplier-B,2025-05-25,2194
WH-E,Camera,43.0,225,Supplier-Z,2025-12-24,2722
WH-E,Laptop,495.0,54,Supplier-Y,2026-01-19,3841
WH-E,Tablet,,91,Supplier-A,2026-03-01,2438
WH-B,Printer,189.0,239,Supplier-B,2025-09-05,2488
WH-A,Mouse,70.0,69,Supplier-X,2025-11-27,684
WH-E,Printer,35.0,250,Supplier-Z,2026-01-10,2585
WH-D,Monitor,303.0,160,Supplier-Z,2025-07-14,2654
WH-E,Printer,415.0,113,Supplier-X,2024-10-29,3660
WH-A,Mobile,98.0,250,Supplier-Z,2024-11-25,1768
WH-B,Printer,204.0,51,Supplier-Z,2025-02-16,2419
WH-D,Mouse,72.0,97,Supplier-Z,2024-12-17,1536
WH-D,Printer,,191,Supplier-X,2024-08-15,1897
WH-E,Mouse,26.0,149,Supplier-A,2025-09-23,1876
WH-A,Monitor,286.0,147,Supplier-B,2026-01-23,2194
WH-B,Keyboard,157.0,66,Supplier-Z,2025-08-26,1356
WH-D,Keyboard,173.0,69,Supplier-A,2024-08-17,2003
WH-C,Monitor,324.0,167,Supplier-A,2026-02-01,2576
WH-B,Keyboard,222.0,208,Supplier-X,2025-03-01,1460
WH-C,Camera,240.0,216,Supplier-Z,2024-08-14,3074
WH-B,Keyboard,328.0,101,Supplier-Z,2024-08-08,2029
WH-C,Tablet,183.0,227,Supplier-A,2025-09-27,2623
WH-D,Monitor,212.0,150,Supplier-Z,2025-07-06,2472
WH-A,Monitor,299.0,246,Supplier-B,2025-07-26,2428
WH-A,Camera,244.0,227,Supplier-Y,2026-06-15,2317
WH-D,Camera,344.0,114,Supplier-Y,2026-04-24,3519
WH-B,Printer,57.0,203,Supplier-A,2025-08-17,2166
WH-E,Printer,279.0,227,Supplier-B,2024-10-31,3501
WH-E,Laptop,379.0,187,Supplier-Z,2024-08-14,3791
WH-A,Mobile,356.0,92,Supplier-Y,2025-07-30,2449
WH-E,Laptop,350.0,152,Supplier-B,2024-09-01,3985
WH-C,Printer,,106,Supplier-X,2026-04-23,1911
WH-E,Monitor,211.0,247,Supplier-A,2024-11-22,2930
WH-E,Tablet,32.0,125,Supplier-Z,2024-08-23,2358
WH-A,Mobile,198.0,166,Supplier-Y,2025-10-06,2045
WH-B,Camera,,234,Supplier-Z,2024-08-22,2206
WH-D,Mouse,,231,Supplier-X,2025-12-07,958
WH-A,Mouse,366.0,239,Supplier-X,2026-05-01,1522
WH-E,Tablet,101.0,159,Supplier-B,2024-12-30,2789
WH-B,Printer,115.0,160,Supplier-Y,2025-05-10,2097
WH-A,Monitor,323.0,51,Supplier-A,2024-10-02,2479
WH-B,Monitor,405.0,66,Supplier-Z,2026-05-23,2760
WH-A,Tablet,186.0,79,Supplier-Z,2025-09-16,1942
WH-D,Mouse,218.0,200,Supplier-B,2025-01-08,2012
WH-C,Mouse,336.0,222,Supplier-A,2025-09-23,2369
WH-C,Mobile,180.0,128,Supplier-Y,2025-10-05,2049
WH-B,Mouse,281.0,202,Supplier-Y,2024-07-31,1513
WH-E,Printer,115.0,187,Supplier-A,2025-10-25,3050
WH-B,Tablet,167.0,130,Supplier-A,2024-09-02,2482
WH-D,Laptop,24.0,99,Supplier-Z,2025-05-22,2639
WH-D,Camera,370.0,231,Supplier-A,2025-11-23,3890
WH-D,Camera,62.0,244,Supplier-Y,2025-09-27,2448
WH-C,Laptop,135.0,93,Supplier-Z,2025-09-13,2754
WH-D,Camera,281.0,79,Supplier-B,2025-08-11,3430
WH-E,Mouse,441.0,244,Supplier-B,2025-03-03,3191
WH-D,Monitor,72.0,217,Supplier-A,2026-06-27,2350
WH-B,Keyboard,250.0,72,Supplier-X,2025-01-19,1574
WH-A,Monitor,435.0,226,Supplier-Y,2024-12-06,2434
WH-E,Printer,335.0,102,Supplier-Y,2025-12-03,3571
WH-B,Laptop,199.0,202,Supplier-B,2026-01-08,2822
WH-B,Mouse,168.0,181,Supplier-Z,2025-03-02,1551
WH-A,Tablet,,120,Supplier-A,2025-01-02,1793
WH-B,Tablet,94.0,113,Supplier-Y,2025-01-23,2021
WH-D,Camera,315.0,210,Supplier-Y,2025-05-04,3307
WH-D,Camera,344.0,246,Supplier-X,2024-10-10,3129
WH-D,Keyboard,252.0,133,Supplier-Z,2025-12-04,2253
WH-A,Mobile,345.0,141,Supplier-A,2025-11-14,2720
WH-A,Printer,239.0,176,Supplier-Y,2025-02-19,2204
WH-C,Keyboard,300.0,194,Supplier-Z,2025-06-21,2336
WH-D,Mouse,,250,Supplier-X,2025-03-03,1328
WH-D,Laptop,495.0,162,Supplier-X,2026-06-22,3668
WH-A,Printer,372.0,216,Supplier-Y,2026-02-04,2620
WH-B,Keyboard,355.0,71,Supplier-X,2026-06-27,1855
WH-B,Laptop,340.0,229,Supplier-A,2024-08-26,3256
WH-B,Printer,,104,Supplier-X,2024-07-08,1694
WH-A,Tablet,135.0,163,Supplier-B,2025-06-21,1859
WH-A,Mouse,460.0,83,Supplier-X,2025-10-26,1924
WH-A,Monitor,65.0,76,Supplier-A,2025-09-11,1397
WH-C,Mouse,90.0,242,Supplier-Z,2024-09-16,1617
WH-B,Tablet,291.0,206,Supplier-X,2024-08-26,2455
WH-B,Camera,389.0,241,Supplier-Z,2025-08-22,3094
WH-D,Camera,64.0,85,Supplier-Y,2024-12-13,2727
WH-A,Printer,239.0,85,Supplier-Z,2025-07-28,2293
WH-C,Mobile,303.0,234,Supplier-Y,2025-01-22,2670
WH-C,Laptop,125.0,180,Supplier-Z,2024-10-11,2421
WH-D,Keyboard,421.0,111,Supplier-X,2026-06-25,2516
WH-D,Mobile,275.0,68,Supplier-Y,2025-03-29,2745
WH-A,Mouse,87.0,195,Supplier-Z,2026-05-16,976
WH-C,Tablet,,200,Supplier-A,2024-08-23,1784
WH-A,Keyboard,40.0,151,Supplier-Y,2026-05-14,879
WH-C,Printer,379.0,213,Supplier-A,2025-01-06,3361
WH-E,Tablet,62.0,180,Supplier-Z,2025-04-14,2340
WH-B,Mouse,320.0,216,Supplier-A,2025-02-07,2108
WH-A,Keyboard,393.0,111,Supplier-A,2024-10-31,1908
WH-B,Mobile,79.0,205,Supplier-A,2025-06-06,1715
WH-C,Tablet,26.0,229,Supplier-X,2026-04-09,1533
WH-B,Camera,287.0,234,Supplier-Z,2025-08-26,2843
WH-B,Mouse,403.0,118,Supplier-Y,2025-12-29,2184
WH-A,Laptop,433.0,184,Supplier-Z,2025-02-20,2881
WH-C,Mobile,253.0,64,Supplier-A,2025-10-19,2664
WH-E,Tablet,100.0,76,Supplier-Z,2026-03-19,2643
WH-A,Monitor,,53,Supplier-B,2025-11-20,1375
WH-A,Camera,216.0,95,Supplier-Z,2025-08-15,2737
WH-A,Printer,184.0,234,Supplier-Y,2024-07-07,2065
WH-C,Mobile,210.0,222,Supplier-B,2025-12-01,2406
WH-B,Monitor,43.0,67,Supplier-B,2026-03-27,2028
WH-D,Keyboard,,166,Supplier-Z,2025-09-04,1204
WH-C,Monitor,308.0,239,Supplier-Z,2025-02-18,2692
WH-B,Camera,322.0,247,Supplier-Z,2026-06-24,3213
WH-B,Monitor,23.0,56,Supplier-Y,2025-11-28,1338
WH-E,Mouse,,218,Supplier-X,2024-09-19,1292
WH-C,Mobile,291.0,157,Supplier-Y,2026-06-30,2574
WH-A,Tablet,,109,Supplier-Z,2026-05-14,1682
WH-E,Printer,254.0,71,Supplier-Z,2024-10-13,3309
WH-A,Tablet,58.0,65,Supplier-A,2025-01-22,1746
WH-B,Monitor,153.0,150,Supplier-Z,2024-09-28,2067
WH-C,Mouse,159.0,101,Supplier-A,2026-05-23,1546
WH-E,Mobile,74.0,169,Supplier-Y,2024-09-22,2232
WH-D,Mobile,203.0,103,Supplier-B,2026-01-28,2790
WH-C,Camera,456.0,90,Supplier-Z,2025-09-03,3831
WH-C,Laptop,447.0,87,Supplier-Y,2024-10-29,3237
WH-B,Mouse,,126,Supplier-A,2025-01-28,933
WH-B,Laptop,457.0,241,Supplier-A,2025-02-04,3502
WH-B,Mobile,72.0,85,Supplier-A,2025-10-13,1728
WH-A,Laptop,86.0,152,Supplier-Y,2024-12-11,1898
WH-A,Keyboard,31.0,100,Supplier-X,2026-01-09,823
WH-D,Tablet,483.0,134,Supplier-X,2025-03-24,3161
WH-A,Camera,106.0,160,Supplier-X,2024-12-06,2188
WH-D,Camera,215.0,94,Supplier-X,2025-12-16,2876
WH-B,Tablet,163.0,88,Supplier-Z,2025-11-05,1956
WH-E,Monitor,275.0,190,Supplier-Z,2026-04-24,2920
WH-A,Mobile,216.0,101,Supplier-Z,2025-01-22,2127
WH-E,Monitor,,147,Supplier-B,2025-07-28,2450
WH-C,Camera,420.0,194,Supplier-B,2025-07-15,3767
WH-C,Printer,,202,Supplier-Z,2025-01-12,1962
WH-A,Keyboard,434.0,185,Supplier-X,2026-06-04,1885
WH-E,Monitor,71.0,111,Supplier-Y,2026-06-06,2099
WH-E,Laptop,314.0,149,Supplier-Y,2026-04-19,3373
WH-B,Tablet,323.0,238,Supplier-Y,2024-08-09,2676
WH-C,Laptop,310.0,194,Supplier-Z,2024-09-10,2976
WH-D,Keyboard,,64,Supplier-Y,2025-11-05,1219
WH-E,Monitor,289.0,134,Supplier-X,2025-05-26,2831
WH-B,Tablet,387.0,132,Supplier-Z,2026-04-06,2641
WH-A,Tablet,380.0,248,Supplier-B,2025-01-31,2646
WH-E,Mouse,211.0,219,Supplier-X,2024-08-04,1935
WH-E,Mobile,174.0,90,Supplier-Z,2024-07-03,2846
WH-D,Camera,109.0,193,Supplier-Z,2025-03-17,2932
WH-E,Mouse,360.0,94,Supplier-Y,2026-02-19,2473
WH-C,Keyboard,110.0,229,Supplier-Y,2024-10-10,1523
WH-D,Laptop,328.0,206,Supplier-Y,2025-11-07,3147
WH-E,Mobile,92.0,69,Supplier-A,2025-01-20,2447
WH-C,Mouse,345.0,72,Supplier-Y,2024-11-03,2255
WH-C,Camera,155.0,227,Supplier-X,2026-01-27,2349
WH-C,Keyboard,,148,Supplier-X,2025-06-09,1024
WH-D,Tablet,272.0,139,Supplier-A,2025-09-02,3045
WH-D,Mobile,423.0,216,Supplier-A,2025-12-31,3507
WH-B,Tablet,57.0,58,Supplier-A,2025-05-29,1871
WH-A,Mouse,,93,Supplier-Z,2025-09-09,692
WH-B,Mobile,479.0,136,Supplier-B,2024-07-08,3291
WH-E,Camera,240.0,92,Supplier-X,2024-09-25,3280
WH-D,Tablet,71.0,98,Supplier-X,2024-08-28,2072
WH-E,Keyboard,172.0,62,Supplier-Z,2026-05-17,2117
WH-E,Camera,47.0,159,Supplier-Y,2025-12-19,2535
WH-C,Camera,,93,Supplier-Y,2026-06-03,2276
WH-C,Mobile,452.0,250,Supplier-A,2024-10-24,3209
WH-D,Camera,66.0,149,Supplier-Z,2025-08-28,2542
WH-C,Printer,115.0,117,Supplier-Z,2024-07-28,2420
WH-D,Keyboard,448.0,65,Supplier-Y,2026-04-10,2521
WH-A,Mobile,433.0,243,Supplier-Z,2025-04-13,2750
WH-B,Laptop,439.0,187,Supplier-A,2025-09-26,3518
WH-D,Monitor,,232,Supplier-A,2025-09-03,1767
WH-E,Tablet,407.0,92,Supplier-X,2024-10-24,3179
WH-B,Tablet,,224,Supplier-X,2025-05-30,1472
WH-B,Tablet,152.0,236,Supplier-B,2024-10-07,2519
WH-A,Mobile,304.0,133,Supplier-A,2024-08-02,2600
WH-C,Camera,422.0,200,Supplier-X,2025-02-25,3383
WH-D,Mobile,96.0,200,Supplier-A,2025-04-10,2436
WH-A,Mobile,419.0,123,Supplier-B,2026-05-30,3051
WH-E,Mouse,155.0,174,Supplier-A,2026-06-25,2157
WH-E,Camera,108.0,86,Supplier-X,2026-03-11,2890
WH-E,Printer,222.0,134,Supplier-X,2026-04-30,3069
WH-B,Laptop,491.0,145,Supplier-A,2024-07-31,3333
WH-C,Keyboard,163.0,228,Supplier-Z,2026-05-30,1839
WH-A,Monitor,173.0,163,Supplier-Y,2025-04-04,1865
WH-C,Keyboard,329.0,98,Supplier-A,2024-12-11,2313
WH-B,Printer,408.0,145,Supplier-A,2025-12-12,3394
WH-A,Tablet,179.0,153,Supplier-X,2025-01-10,1656
WH-E,Laptop,118.0,101,Supplier-Y,2025-12-01,3032
WH-A,Monitor,,142,Supplier-X,2024-09-18,1210
WH-B,Keyboard,441.0,151,Supplier-Z,2025-04-01,2448
WH-A,Laptop,210.0,164,Supplier-Y,2026-02-26,2170
WH-D,Mouse,103.0,116,Supplier-Z,2025-09-08,1792
WH-A,Keyboard,,196,Supplier-X,2026-05-18,799
WH-B,Monitor,366.0,216,Supplier-Y,2026-05-11,2457
WH-E,Laptop,262.0,215,Supplier-X,2025-05-12,3024
WH-E,Laptop,149.0,128,Supplier-Y,2025-10-26,3061
WH-C,Printer,456.0,114,Supplier-A,2026-02-03,3429
WH-D,Keyboard,442.0,199,Supplier-B,2024-10-29,2778
WH-A,Mouse,351.0,122,Supplier-B,2026-06-20,1905
WH-A,Camera,192.0,213,Supplier-X,2026-06-23,2192
WH-C,Keyboard,116.0,245,Supplier-Z,2024-12-31,1471
WH-A,Printer,368.0,56,Supplier-Z,2026-05-03,2889
WH-D,Keyboard,484.0,149,Supplier-Z,2024-11-04,3029
WH-A,Monitor,391.0,225,Supplier-Z,2026-03-14,2496
WH-D,Mouse,173.0,218,Supplier-B,2026-03-22,2267
WH-E,Tablet,69.0,239,Supplier-Z,2024-11-15,2389
WH-E,Tablet,,140,Supplier-Z,2026-05-16,2164
WH-C,Printer,210.0,125,Supplier-Z,2025-05-17,2717
WH-A,Camera,463.0,198,Supplier-X,2024-07-20,3156
WH-A,Camera,276.0,224,Supplier-Y,2024-11-17,2573
WH-E,Keyboard,47.0,88,Supplier-A,2026-01-24,1711
WH-B,Mouse,311.0,167,Supplier-A,2026-06-19,1806
WH-C,Tablet,269.0,95,Supplier-X,2025-03-16,2417
WH-A,Laptop,160.0,248,Supplier-A,2026-02-28,2216
WH-E,Tablet,422.0,72,Supplier-A,2026-06-23,3482
WH-E,Printer,226.0,172,Supplier-A,2025-05-16,3224
WH-A,Laptop,122.0,53,Supplier-B,2026-03-16,2280
WH-E,Monitor,,237,Supplier-X,2025-12-03,1777
WH-B,Mouse,86.0,178,Supplier-Z,2026-05-03,1259
WH-C,Tablet,,124,Supplier-X,2026-01-22,1683
WH-E,Mouse,474.0,84,Supplier-A,2026-03-22,2997
WH-D,Mouse,104.0,153,Supplier-Y,2025-01-09,1321
WH-B,Monitor,128.0,200,Supplier-Y,2025-01-24,1792
WH-B,Mobile,384.0,59,Supplier-Z,2024-11-01,2694
WH-C,Laptop,44.0,217,Supplier-B,2026-03-04,2710
WH-A,Laptop,233.0,81,Supplier-X,2025-12-27,2329
WH-C,Camera,125.0,211,Supplier-Y,2024-09-22,2329
WH-C,Printer,359.0,209,Supplier-X,2025-04-24,3037
WH-B,Printer,281.0,80,Supplier-X,2026-05-09,2437
WH-A,Mobile,121.0,249,Supplier-A,2024-07-31,1747
WH-E,Monitor,380.0,91,Supplier-Z,2026-04-28,3010
WH-E,Camera,372.0,134,Supplier-Y,2025-07-01,3586
WH-A,Laptop,484.0,196,Supplier-X,2024-12-20,3144
WH-D,Tablet,419.0,235,Supplier-X,2024-12-03,3277
WH-A,Keyboard,253.0,125,Supplier-Y,2026-03-27,1394
WH-D,Laptop,436.0,60,Supplier-X,2026-06-14,3694
WH-C,Mouse,238.0,74,Supplier-Z,2025-06-23,2049
WH-A,Laptop,359.0,134,Supplier-Y,2025-03-29,2710
WH-D,Keyboard,210.0,96,Supplier-X,2025-02-23,1688
WH-D,Printer,159.0,226,Supplier-A,2026-03-30,3062
WH-D,Printer,77.0,235,Supplier-Y,2026-03-10,2211
WH-B,Mobile,486.0,195,Supplier-A,2026-05-08,3255
WH-D,Tablet,214.0,206,Supplier-B,2024-12-24,2706
WH-B,Camera,77.0,162,Supplier-A,2024-12-21,2204
WH-A,Keyboard,26.0,223,Supplier-Z,2024-07-19,946
WH-E,Monitor,285.0,229,Supplier-Z,2025-11-25,3021
WH-A,Printer,266.0,223,Supplier-Y,2024-11-28,2476
WH-D,Tablet,476.0,63,Supplier-B,2025-05-06,3483
WH-B,Camera,465.0,242,Supplier-A,2025-03-12,3596
WH-C,Monitor,,107,Supplier-Z,2025-02-02,1731
WH-D,Printer,60.0,196,Supplier-Y,2026-05-03,2359
WH-A,Camera,181.0,177,Supplier-A,2024-08-23,2674
WH-A,Mobile,,190,Supplier-A,2026-02-21,1250
WH-A,Keyboard,307.0,221,Supplier-B,2025-02-02,1954
WH-C,Mouse,438.0,166,Supplier-X,2025-03-30,2183
WH-E,Camera,386.0,74,Supplier-Z,2025-11-11,3996
WH-B,Laptop,201.0,124,Supplier-Z,2025-07-31,2633
WH-E,Mouse,43.0,176,Supplier-X,2025-05-07,1300
WH-D,Mobile,332.0,80,Supplier-Z,2025-12-10,3182
WH-D,Monitor,442.0,233,Supplier-A,2026-04-17,3249
WH-A,Printer,494.0,222,Supplier-X,2025-08-21,3033
WH-A,Camera,357.0,179,Supplier-A,2025-03-15,2889
WH-D,Laptop,,160,Supplier-B,2026-06-30,2779
WH-E,Camera,419.0,95,Supplier-B,2024-07-22,4261
WH-E,Tablet,73.0,203,Supplier-Y,2024-09-28,2479
WH-C,Printer,331.0,245,Supplier-A,2026-05-13,3070
WH-C,Printer,170.0,84,Supplier-Z,2025-01-19,2430
WH-D,Keyboard,460.0,238,Supplier-B,2024-11-16,3063
WH-B,Monitor,339.0,225,Supplier-Y,2025-09-24,2343
WH-B,Tablet,297.0,132,Supplier-B,2025-01-23,2904
WH-A,Mouse,265.0,220,Supplier-B,2024-07-30,1858
WH-D,Keyboard,,77,Supplier-A,2024-09-23,1312
WH-D,Tablet,,118,Supplier-X,2025-10-07,2034
WH-B,Keyboard,94.0,226,Supplier-Z,2025-06-03,1483
WH-C,Monitor,36.0,165,Supplier-B,2025-03-26,1810
WH-E,Monitor,219.0,250,Supplier-B,2026-01-17,3114
WH-C,Laptop,218.0,225,Supplier-A,2026-03-03,2864
WH-E,Laptop,400.0,208,Supplier-X,2025-03-01,3794
WH-D,Monitor,406.0,239,Supplier-Z,2025-06-04,3176
WH-B,Monitor,249.0,224,Supplier-Z,2025-10-14,2035
WH-B,Tablet,81.0,159,Supplier-B,2025-08-02,2035
WH-E,Keyboard,102.0,115,Supplier-Y,2024-09-28,1608
WH-C,Camera,40.0,132,Supplier-Y,2025-04-26,2375
WH-A,Keyboard,424.0,141,Supplier-A,2026-05-30,2009
WH-C,Monitor,,179,Supplier-Y,2025-09-21,1431
WH-D,Printer,198.0,104,Supplier-X,2024-11-25,2783
WH-C,Mouse,170.0,242,Supplier-Z,2025-01-14,1726
WH-E,Camera,441.0,216,Supplier-B,2024-08-04,3977
WH-A,Mouse,143.0,207,Supplier-A,2026-01-02,1347
WH-B,Laptop,215.0,79,Supplier-Z,2025-06-04,2592
WH-C,Keyboard,486.0,247,Supplier-X,2024-07-02,2449
WH-E,Camera,42.0,216,Supplier-A,2025-08-08,2774
WH-C,Mobile,105.0,247,Supplier-X,2026-06-19,1940
WH-E,Laptop,127.0,248,Supplier-X,2026-03-19,2640
WH-D,Mobile,295.0,239,Supplier-Y,2025-08-23,2931
WH-D,Mobile,32.0,134,Supplier-Y,2025-12-16,1765
WH-A,Mobile,111.0,192,Supplier-X,2026-01-10,1319
WH-E,Monitor,228.0,211,Supplier-Z,2026-07-01,2741
WH-D,Mouse,219.0,186,Supplier-X,2026-01-28,1560
WH-E,Mobile,43.0,68,Supplier-B,2026-01-24,2462
WH-E,Mobile,422.0,205,Supplier-Z,2025-12-03,3260
WH-C,Camera,222.0,57,Supplier-A,2024-12-01,3058
WH-B,Monitor,402.0,189,Supplier-Y,2025-04-09,2507
WH-B,Keyboard,25.0,192,Supplier-Z,2025-05-31,947
WH-A,Laptop,313.0,187,Supplier-X,2024-08-24,2569
WH-A,Keyboard,403.0,235,Supplier-Y,2025-11-28,1885
WH-B,Printer,92.0,106,Supplier-B,2026-06-16,2441
WH-C,Monitor,112.0,195,Supplier-X,2025-03-14,2022
WH-A,Camera,57.0,67,Supplier-B,2025-10-28,2149
WH-A,Monitor,269.0,141,Supplier-B,2025-03-01,2122
WH-B,Mobile,,99,Supplier-Z,2025-11-28,1512
WH-D,Camera,335.0,227,Supplier-Z,2026-04-20,3554
WH-B,Mouse,239.0,130,Supplier-Z,2024-10-05,1543
WH-B,Printer,450.0,223,Supplier-Z,2026-01-11,3375
WH-C,Camera,248.0,128,Supplier-A,2026-05-31,3143
WH-E,Mobile,350.0,121,Supplier-Y,2025-02-19,3339
WH-B,Monitor,395.0,69,Supplier-Z,2025-07-29,2807
WH-A,Laptop,,198,Supplier-B,2025-02-26,2046
WH-D,Monitor,302.0,188,Supplier-X,2025-11-30,2597
WH-B,Mouse,134.0,200,Supplier-A,2025-05-14,1577
WH-C,Tablet,276.0,151,Supplier-A,2025-03-11,2764
WH-E,Laptop,454.0,207,Supplier-Y,2025-05-09,3962
WH-B,Tablet,101.0,194,Supplier-A,2025-12-24,2190
WH-B,Camera,40.0,174,Supplier-Z,2025-02-15,2088
WH-A,Keyboard,,102,Supplier-Z,2025-09-04,865
WH-C,Printer,489.0,61,Supplier-A,2024-10-07,3437
WH-C,Mobile,344.0,239,Supplier-B,2024-11-27,2916
WH-E,Tablet,354.0,200,Supplier-A,2025-05-23,3546
WH-A,Keyboard,484.0,153,Supplier-A,2025-11-29,2332
WH-C,Camera,474.0,178,Supplier-A,2026-07-01,3643
WH-D,Tablet,59.0,121,Supplier-Y,2025-04-21,2035
WH-B,Tablet,205.0,80,Supplier-Y,2025-12-09,2303
WH-B,Printer,388.0,222,Supplier-Z,2026-02-02,3059
WH-D,Monitor,102.0,155,Supplier-B,2026-06-02,2167
WH-B,Laptop,313.0,84,Supplier-Y,2024-11-13,2911
WH-E,Laptop,,116,Supplier-B,2025-10-22,2642
WH-E,Printer,308.0,234,Supplier-B,2025-09-16,3746
WH-C,Mobile,249.0,170,Supplier-Y,2025-02-19,2641
WH-D,Tablet,445.0,86,Supplier-Y,2025-05-12,3491
WH-E,Tablet,357.0,92,Supplier-B,2025-08-30,3691
WH-C,Camera,,146,Supplier-B,2026-04-09,2447
WH-B,Mobile,123.0,179,Supplier-X,2024-07-01,1869
WH-D,Tablet,69.0,207,Supplier-B,2025-02-22,2564
WH-A,Mobile,266.0,204,Supplier-X,2025-02-08,2024
WH-A,Printer,235.0,61,Supplier-B,2024-12-11,2712
WH-E,Printer,500.0,246,Supplier-Y,2025-05-30,3845
WH-C,Mobile,88.0,246,Supplier-A,2026-03-03,2033
WH-A,Keyboard,468.0,115,Supplier-B,2025-09-24,2300
WH-A,Laptop,287.0,51,Supplier-B,2025-10-15,2803
WH-B,Mouse,205.0,159,Supplier-A,2025-11-21,1748
WH-E,Keyboard,457.0,194,Supplier-Z,2025-03-08,2958
WH-E,Keyboard,406.0,191,Supplier-A,2025-06-27,3119
WH-E,Camera,209.0,173,Supplier-Y,2025-06-09,3106
WH-C,Mouse,396.0,218,Supplier-A,2025-06-09,2248
WH-B,Camera,71.0,152,Supplier-Y,2025-12-07,2365
WH-C,Laptop,219.0,51,Supplier-Y,2024-12-13,2918
WH-A,Tablet,494.0,72,Supplier-A,2025-08-02,2864
WH-C,Monitor,60.0,235,Supplier-Z,2025-07-03,1826
WH-D,Keyboard,49.0,94,Supplier-B,2026-03-09,1874
WH-D,Camera,123.0,182,Supplier-X,2026-05-31,2565
WH-B,Laptop,281.0,109,Supplier-B,2026-03-11,3107
WH-B,Laptop,142.0,90,Supplier-Z,2026-01-23,2220
WH-C,Printer,362.0,200,Supplier-Z,2024-11-09,3038
WH-E,Laptop,,122,Supplier-X,2025-11-24,2521
WH-E,Mouse,437.0,205,Supplier-Z,2024-09-04,2710
WH-D,Printer,22.0,154,Supplier-B,2025-02-06,2575
WH-A,Mobile,170.0,79,Supplier-B,2025-08-05,2271
WH-E,Keyboard,436.0,114,Supplier-B,2025-11-28,3263
WH-D,Printer,267.0,243,Supplier-B,2025-11-04,3224
WH-D,Camera,,79,Supplier-B,2025-10-24,2582
WH-A,Printer,366.0,130,Supplier-Y,2025-03-18,2659
WH-C,Laptop,147.0,152,Supplier-Z,2024-09-11,2735
WH-C,Mobile,496.0,130,Supplier-B,2026-03-28,3419
WH-B,Keyboard,402.0,98,Supplier-Y,2026-02-04,2161
WH-B,Monitor,466.0,108,Supplier-Y,2024-12-30,2651
WH-B,Mouse,418.0,70,Supplier-Y,2025-12-05,2200
WH-D,Laptop,41.0,145,Supplier-B,2025-02-27,2790
WH-C,Camera,464.0,96,Supplier-B,2024-12-22,4033
WH-E,Keyboard,133.0,82,Supplier-A,2026-03-19,1926
WH-E,Printer,,138,Supplier-A,2024-12-02,2551
WH-B,Camera,377.0,130,Supplier-X,2024-10-23,3133
WH-A,Laptop,214.0,133,Supplier-Y,2024-07-19,2277
WH-E,Keyboard,300.0,118,Supplier-Y,2024-08-05,2441
WH-E,Mouse,114.0,103,Supplier-Z,2025-01-07,1856
WH-C,Mouse,163.0,196,Supplier-A,2025-07-05,1556
WH-E,Monitor,389.0,110,Supplier-X,2025-10-18,3101
WH-D,Printer,94.0,239,Supplier-Y,2026-04-22,2308
WH-D,Laptop,235.0,211,Supplier-Y,2026-02-17,3019
WH-E,Mouse,173.0,195,Supplier-A,2024-08-26,1943
WH-D,Mobile,50.0,115,Supplier-Y,2025-06-19,2043
WH-A,Camera,153.0,193,Supplier-Z,2025-05-18,2394
WH-C,Mouse,230.0,223,Supplier-X,2026-05-20,1700
WH-B,Tablet,201.0,180,Supplier-Z,2025-11-02,2302
WH-D,Mobile,334.0,211,Supplier-A,2025-09-21,2926
WH-B,Mouse,343.0,153,Supplier-A,2024-11-29,2263
WH-A,Mobile,195.0,131,Supplier-Y,2026-01-09,1969
WH-C,Keyboard,350.0,163,Supplier-B,2025-12-23,2649
WH-C,Camera,105.0,55,Supplier-A,2025-04-25,2529
WH-B,Keyboard,127.0,76,Supplier-X,2025-07-19,1029
WH-A,Camera,,151,Supplier-B,2025-05-07,2118
WH-A,Mobile,336.0,217,Supplier-Z,2025-01-06,2357
WH-C,Monitor,397.0,210,Supplier-Y,2024-10-23,2605
WH-B,Tablet,37.0,133,Supplier-X,2025-11-22,1803
WH-D,Camera,498.0,163,Supplier-B,2025-12-17,4013
WH-E,Tablet,325.0,241,Supplier-B,2024-07-05,3550
WH-E,Printer,347.0,129,Supplier-B,2026-05-25,3668
WH-D,Monitor,246.0,155,Supplier-X,2026-02-04,2321
WH-B,Keyboard,20.0,244,Supplier-X,2026-04-30,1094
WH-B,Mouse,260.0,226,Supplier-Z,2026-02-19,1731
WH-D,Keyboard,412.0,124,Supplier-X,2026-05-19,2541
WH-B,Laptop,211.0,193,Supplier-B,2024-09-21,2806
WH-D,Monitor,386.0,149,Supplier-Y,2026-02-25,3132
WH-D,Monitor,60.0,111,Supplier-Z,2025-05-27,2094
WH-E,Keyboard,352.0,118,Supplier-Z,2024-12-17,2667
WH-B,Mobile,89.0,213,Supplier-Y,2024-11-14,1750
WH-E,Camera,378.0,98,Supplier-Z,2026-03-17,3748
WH-A,Tablet,,76,Supplier-X,2025-12-23,1194
WH-C,Tablet,,73,Supplier-A,2025-08-07,1827
WH-A,Camera,195.0,177,Supplier-Y,2025-06-26,2325
WH-D,Laptop,61.0,87,Supplier-Z,2024-08-09,2361
WH-C,Printer,298.0,99,Supplier-X,2025-09-06,2974
WH-C,Printer,82.0,232,Supplier-X,2025-01-10,2023
WH-D,Camera,397.0,100,Supplier-Y,2026-06-13,3576
WH-A,Monitor,219.0,129,Supplier-A,2026-04-20,1972
WH-B,Laptop,286.0,173,Supplier-B,2024-10-03,3134
WH-C,Monitor,,220,Supplier-Z,2025-06-20,1561
WH-A,Monitor,,120,Supplier-A,2024-10-12,1449
WH-A,Printer,24.0,198,Supplier-Y,2026-03-15,1823
WH-D,Tablet,,90,Supplier-Z,2025-06-26,2105
WH-A,Mouse,50.0,89,Supplier-X,2025-12-01,809
WH-E,Mobile,269.0,192,Supplier-Y,2025-08-17,3060
WH-C,Camera,30.0,141,Supplier-Y,2025-09-08,2410
WH-B,Keyboard,268.0,193,Supplier-X,2025-10-06,1554
WH-E,Camera,310.0,139,Supplier-Y,2025-03-04,3445
WH-D,Keyboard,488.0,91,Supplier-B,2026-02-07,2899
WH-E,Tablet,171.0,188,Supplier-A,2026-05-24,2850
WH-D,Laptop,214.0,54,Supplier-B,2025-06-09,3309
WH-C,Monitor,,187,Supplier-Z,2025-10-19,1869
WH-D,Monitor,369.0,191,Supplier-B,2026-03-26,3035
WH-E,Keyboard,229.0,78,Supplier-Z,2026-01-10,2136
WH-E,Mobile,447.0,95,Supplier-X,2026-05-24,3538
WH-A,Monitor,268.0,58,Supplier-X,2025-07-28,1946
WH-D,Camera,339.0,115,Supplier-B,2025-05-28,3492
WH-C,Monitor,,103,Supplier-B,2026-04-07,1985
WH-D,Mobile,430.0,142,Supplier-A,2026-06-05,3425
WH-D,Mouse,441.0,185,Supplier-X,2025-08-30,2243
WH-A,Keyboard,130.0,74,Supplier-X,2025-06-12,841
WH-B,Printer,118.0,113,Supplier-Y,2026-05-28,2195
WH-B,Printer,412.0,141,Supplier-X,2024-11-01,3031
WH-D,Printer,105.0,190,Supplier-X,2026-01-29,2370
WH-E,Mouse,293.0,163,Supplier-Y,2026-05-01,2259
WH-C,Mouse,231.0,160,Supplier-Z,2025-07-04,2015
WH-C,Monitor,299.0,246,Supplier-B,2025-06-15,2828
WH-C,Mouse,249.0,50,Supplier-A,2025-01-18,2118
WH-A,Keyboard,28.0,127,Supplier-B,2026-02-04,887
WH-C,Monitor,458.0,247,Supplier-Y,2025-01-09,3144
WH-C,Tablet,39.0,89,Supplier-X,2026-04-14,1637
WH-C,Mouse,147.0,126,Supplier-B,2025-11-08,1588
WH-E,Printer,489.0,69,Supplier-B,2025-02-01,4287
WH-C,Camera,269.0,226,Supplier-Y,2026-02-15,3116
WH-E,Mobile,348.0,237,Supplier-B,2026-02-25,3607
WH-E,Printer,,247,Supplier-X,2025-08-09,2221
WH-C,Printer,496.0,247,Supplier-A,2025-07-12,3554
WH-E,Laptop,47.0,60,Supplier-A,2025-10-30,2754
WH-E,Tablet,277.0,89,Supplier-Z,2025-01-02,2906
WH-D,Camera,314.0,106,Supplier-B,2025-01-30,3613
WH-C,Printer,87.0,171,Supplier-Y,2025-06-07,2303
WH-A,Printer,63.0,161,Supplier-Z,2024-08-30,2035
WH-B,Tablet,306.0,151,Supplier-A,2026-01-06,2801
WH-E,Monitor,335.0,184,Supplier-B,2025-02-07,3181
WH-B,Mobile,417.0,225,Supplier-Z,2024-12-30,2895
WH-A,Mobile,236.0,98,Supplier-A,2025-01-28,2122
WH-C,Laptop,106.0,207,Supplier-Z,2025-03-18,2688
WH-D,Tablet,42.0,109,Supplier-A,2025-03-06,2178
WH-C,Tablet,77.0,112,Supplier-X,2026-05-25,1998
WH-B,Keyboard,195.0,78,Supplier-X,2025-08-24,1341
WH-D,Camera,189.0,187,Supplier-X,2024-09-01,2725
WH-B,Keyboard,267.0,86,Supplier-B,2024-10-16,2156
WH-A,Printer,483.0,61,Supplier-B,2024-10-26,3229
WH-B,Laptop,122.0,208,Supplier-Z,2024-12-27,2254
WH-A,Camera,54.0,119,Supplier-X,2025-04-24,1951
WH-C,Mobile,169.0,216,Supplier-X,2025-12-22,2054
WH-B,Printer,,130,Supplier-B,2024-10-27,2098
WH-E,Mobile,121.0,167,Supplier-Y,2025-12-31,2500
WH-A,Laptop,492.0,135,Supplier-Y,2024-12-14,3176
WH-D,Tablet,197.0,140,Supplier-X,2024-08-19,2561
WH-C,Monitor,161.0,210,Supplier-B,2025-05-19,2264
WH-D,Laptop,163.0,137,Supplier-B,2025-05-13,3040
WH-B,Mobile,286.0,206,Supplier-A,2025-03-15,2754
WH-B,Printer,313.0,129,Supplier-Y,2025-08-26,2798
WH-C,Camera,87.0,85,Supplier-B,2025-06-27,2808
WH-E,Monitor,178.0,184,Supplier-Y,2025-05-19,2353
WH-D,Tablet,489.0,67,Supplier-B,2024-08-18,3802
WH-E,Mobile,182.0,87,Supplier-Y,2024-12-08,2768
WH-A,Mouse,230.0,240,Supplier-A,2026-04-08,1710
WH-C,Tablet,74.0,56,Supplier-Y,2025-05-23,2162
WH-E,Keyboard,310.0,202,Supplier-B,2025-04-29,2648
WH-B,Laptop,60.0,172,Supplier-Z,2026-06-03,1998
WH-E,Camera,114.0,175,Supplier-Z,2026-02-18,3034
WH-B,Tablet,,245,Supplier-Y,2025-09-27,1357
WH-C,Printer,400.0,101,Supplier-Y,2025-12-23,3337
WH-B,Mobile,494.0,162,Supplier-Y,2024-07-16,3175
WH-E,Camera,463.0,113,Supplier-Z,2026-04-27,4057
WH-D,Laptop,396.0,234,Supplier-B,2026-05-16,3698
WH-D,Laptop,75.0,60,Supplier-B,2026-02-15,3024
WH-B,Printer,305.0,245,Supplier-X,2025-09-21,2687
WH-A,Monitor,245.0,127,Supplier-Z,2025-04-22,2181
WH-C,Camera,236.0,63,Supplier-Y,2025-07-06,3011
WH-E,Tablet,444.0,73,Supplier-A,2024-07-05,3851
WH-E,Mobile,418.0,228,Supplier-Y,2025-03-31,3383
WH-B,Printer,185.0,95,Supplier-A,2025-02-17,2537
WH-E,Monitor,66.0,227,Supplier-A,2026-02-06,2480
WH-B,Mobile,78.0,212,Supplier-X,2025-04-29,1569
WH-A,Printer,333.0,146,Supplier-B,2026-04-24,2930
WH-D,Laptop,487.0,218,Supplier-Y,2026-05-24,3952
WH-B,Tablet,111.0,63,Supplier-Y,2026-04-11,1897
WH-C,Keyboard,167.0,80,Supplier-A,2025-05-22,1668
WH-B,Laptop,411.0,167,Supplier-B,2025-08-23,3437
WH-D,Laptop,471.0,105,Supplier-B,2026-02-01,4064
WH-D,Camera,,203,Supplier-A,2026-01-22,2353
WH-B,Keyboard,341.0,103,Supplier-B,2025-08-29,2048
WH-B,Tablet,354.0,87,Supplier-X,2026-03-14,2749
WH-A,Keyboard,,77,Supplier-Z,2025-10-12,813
WH-B,Tablet,332.0,229,Supplier-Z,2026-05-29,2750
WH-E,Tablet,403.0,59,Supplier-A,2024-12-19,3406
WH-C,Mouse,479.0,67,Supplier-Z,2025-07-15,2725
WH-D,Mobile,261.0,227,Supplier-Z,2024-12-18,2973
WH-C,Mouse,231.0,228,Supplier-B,2025-01-28,1900
WH-E,Laptop,312.0,211,Supplier-X,2025-06-04,3356
WH-A,Camera,498.0,230,Supplier-B,2025-07-13,3491
WH-D,Mouse,289.0,209,Supplier-Z,2024-07-23,2148
WH-B,Camera,393.0,176,Supplier-B,2025-04-29,3642
WH-B,Monitor,,56,Supplier-Z,2025-03-19,1488
WH-A,Monitor,232.0,135,Supplier-B,2025-12-02,2125
WH-E,Monitor,347.0,122,Supplier-X,2025-12-10,2821
WH-A,Keyboard,279.0,246,Supplier-Z,2026-03-12,1440
WH-A,Mouse,222.0,207,Supplier-Z,2025-05-11,1180
WH-B,Monitor,446.0,222,Supplier-Z,2026-01-14,2833
WH-D,Laptop,266.0,167,Supplier-Y,2024-11-06,3290
WH-E,Mouse,421.0,240,Supplier-A,2026-04-14,2691
WH-E,Keyboard,391.0,192,Supplier-B,2025-06-29,3047
WH-A,Monitor,370.0,140,Supplier-B,2026-06-15,2393
WH-B,Keyboard,193.0,210,Supplier-X,2024-10-08,1452
WH-B,Printer,324.0,250,Supplier-Y,2025-10-27,2906
WH-C,Mouse,159.0,177,Supplier-X,2025-08-19,1626
WH-B,Mouse,444.0,105,Supplier-A,2024-07-21,2400
WH-C,Tablet,211.0,249,Supplier-X,2026-06-05,2186
WH-A,Camera,32.0,178,Supplier-B,2025-05-03,2024
WH-B,Mouse,395.0,129,Supplier-A,2025-10-03,2382
WH-C,Tablet,440.0,182,Supplier-X,2025-09-12,3116
WH-B,Monitor,255.0,183,Supplier-X,2025-11-27,1874
WH-A,Keyboard,371.0,72,Supplier-X,2024-07-22,1683
WH-D,Laptop,286.0,240,Supplier-X,2024-09-04,2967
WH-A,Keyboard,184.0,123,Supplier-Y,2025-11-12,1193
WH-E,Mouse,363.0,88,Supplier-A,2025-05-29,2569
WH-C,Mobile,338.0,76,Supplier-X,2024-10-14,2469
WH-E,Mouse,183.0,230,Supplier-B,2026-05-05,2460
WH-C,Monitor,56.0,136,Supplier-Y,2025-06-24,1794
WH-D,Laptop,34.0,222,Supplier-Y,2024-11-19,2177
WH-A,Printer,64.0,95,Supplier-X,2024-08-09,1802
WH-E,Camera,202.0,100,Supplier-B,2025-01-19,3621
WH-E,Mobile,310.0,228,Supplier-A,2025-04-21,3219
WH-A,Camera,370.0,246,Supplier-Z,2025-03-12,2998
WH-D,Monitor,93.0,207,Supplier-Y,2024-12-12,1961
WH-C,Printer,378.0,134,Supplier-Y,2025-06-19,3287
WH-C,Camera,,78,Supplier-A,2025-03-11,2329
WH-D,Camera,164.0,204,Supplier-Y,2025-03-20,2936
WH-B,Mobile,438.0,77,Supplier-A,2026-02-12,2930
WH-E,Mobile,292.0,201,Supplier-Z,2026-05-15,3037
WH-B,Monitor,101.0,148,Supplier-B,2025-04-21,1786
WH-C,Monitor,240.0,161,Supplier-B,2025-02-02,2660
WH-C,Monitor,359.0,239,Supplier-Y,2026-02-05,2791
WH-E,Camera,323.0,133,Supplier-X,2026-04-08,3503
WH-A,Camera,177.0,67,Supplier-Y,2025-05-24,2387
WH-A,Printer,273.0,65,Supplier-Z,2025-01-12,2315
WH-B,Tablet,482.0,50,Supplier-B,2026-04-10,3483
WH-B,Tablet,292.0,207,Supplier-A,2024-09-02,2721
WH-D,Monitor,368.0,126,Supplier-Y,2025-07-01,2945
WH-C,Printer,65.0,206,Supplier-Z,2024-07-16,2306
WH-D,Tablet,51.0,190,Supplier-Z,2026-02-02,2030
WH-A,Mouse,460.0,57,Supplier-X,2025-08-23,1800
WH-D,Printer,384.0,147,Supplier-Z,2024-08-10,3424
WH-E,Monitor,263.0,192,Supplier-Y,2025-03-29,2735
WH-C,Printer,167.0,221,Supplier-Y,2024-12-22,2315
WH-B,Laptop,,234,Supplier-X,2025-11-17,1799
WH-D,Tablet,90.0,156,Supplier-X,2024-08-23,2360
WH-D,Printer,112.0,158,Supplier-B,2026-02-27,2868
WH-D,Printer,135.0,204,Supplier-Z,2025-11-19,2458
WH-E,Camera,384.0,155,Supplier-Y,2024-08-01,3781
WH-E,Mouse,39.0,230,Supplier-X,2026-02-06,1405
WH-A,Camera,92.0,184,Supplier-X,2024-07-25,2165
WH-C,Camera,60.0,206,Supplier-B,2025-01-09,2475
WH-B,Camera,370.0,198,Supplier-X,2024-12-02,2919
WH-E,Laptop,293.0,170,Supplier-Z,2026-04-13,3461
WH-E,Camera,395.0,140,Supplier-B,2024-07-16,4243
WH-C,Keyboard,38.0,202,Supplier-Y,2025-10-26,1397
WH-C,Keyboard,342.0,93,Supplier-X,2024-10-27,2119
WH-A,Keyboard,33.0,71,Supplier-B,2025-01-02,963
WH-E,Mobile,149.0,121,Supplier-Z,2024-10-07,2537
WH-C,Laptop,329.0,201,Supplier-X,2025-07-03,3115
WH-B,Camera,433.0,250,Supplier-Z,2025-12-02,3507
WH-B,Camera,429.0,58,Supplier-Y,2024-09-27,3212
WH-A,Tablet,498.0,176,Supplier-B,2025-09-12,3329
WH-D,Printer,358.0,213,Supplier-Y,2024-12-17,3109
WH-B,Mouse,348.0,79,Supplier-X,2025-06-27,1570
WH-B,Camera,263.0,241,Supplier-A,2025-12-26,3124
WH-E,Monitor,369.0,171,Supplier-A,2025-01-16,3191
WH-B,Printer,167.0,164,Supplier-X,2026-02-16,2146
WH-C,Laptop,489.0,140,Supplier-X,2025-04-13,3649
WH-D,Keyboard,158.0,75,Supplier-Z,2024-11-08,1804
WH-E,Printer,415.0,111,Supplier-A,2025-10-14,3970
WH-E,Monitor,192.0,96,Supplier-B,2025-10-15,2786
WH-E,Laptop,,155,Supplier-X,2026-02-01,2200
WH-E,Mobile,199.0,122,Supplier-A,2026-01-09,2775
WH-B,Laptop,,202,Supplier-X,2024-09-27,1886
WH-B,Mobile,64.0,83,Supplier-X,2026-02-25,1534
WH-E,Tablet,376.0,125,Supplier-X,2026-03-29,3217
WH-A,Camera,413.0,220,Supplier-Z,2024-11-05,3283
WH-C,Keyboard,,248,Supplier-Y,2025-02-27,931
WH-D,Printer,50.0,117,Supplier-Z,2024-09-22,2291
WH-D,Mobile,495.0,150,Supplier-A,2025-09-23,3426
WH-D,Mobile,296.0,105,Supplier-Y,2024-07-20,2852
WH-A,Camera,,68,Supplier-Z,2026-06-22,1942
WH-C,Camera,479.0,217,Supplier-X,2025-02-28,3614
WH-A,Laptop,156.0,134,Supplier-A,2025-09-21,2318
WH-E,Laptop,382.0,175,Supplier-B,2025-12-09,3940
WH-D,Printer,296.0,148,Supplier-X,2026-06-06,3090
WH-D,Mobile,294.0,141,Supplier-B,2025-04-18,3002
WH-C,Printer,343.0,215,Supplier-X,2025-05-05,2725
WH-C,Mouse,450.0,246,Supplier-X,2026-01-07,2198
WH-B,Tablet,40.0,219,Supplier-B,2024-12-02,1867
WH-C,Printer,342.0,174,Supplier-X,2024-08-29,2719
WH-D,Monitor,38.0,234,Supplier-Y,2025-10-03,1967
WH-B,Camera,52.0,214,Supplier-A,2025-12-19,2263
WH-D,Camera,38.0,136,Supplier-X,2026-04-07,2567
WH-A,Printer,128.0,220,Supplier-X,2025-10-31,1901
WH-D,Tablet,139.0,59,Supplier-B,2025-01-05,2843
WH-B,Camera,261.0,208,Supplier-X,2024-09-18,2456
WH-B,Tablet,108.0,128,Supplier-X,2025-12-24,1994
WH-A,Camera,107.0,66,Supplier-B,2026-02-21,2589
WH-A,Mobile,324.0,106,Supplier-A,2025-02-20,2254
WH-B,Printer,435.0,238,Supplier-Z,2026-04-22,3302
WH-D,Mouse,370.0,85,Supplier-X,2025-12-14,2174
WH-B,Laptop,108.0,80,Supplier-B,2025-10-10,2414
WH-B,Printer,376.0,92,Supplier-Y,2026-03-18,2902
WH-B,Laptop,71.0,211,Supplier-Y,2024-10-03,2176
WH-D,Tablet,470.0,51,Supplier-X,2026-03-11,3063
WH-B,Mobile,474.0,227,Supplier-B,2025-09-13,3385
WH-D,Tablet,93.0,183,Supplier-Y,2026-02-28,2259
WH-D,Monitor,332.0,202,Supplier-Y,2024-08-01,2638
WH-D,Mobile,198.0,192,Supplier-Z,2025-03-27,2464
WH-B,Mobile,68.0,244,Supplier-B,2025-08-18,2030
WH-E,Monitor,414.0,103,Supplier-A,2025-05-29,3333
WH-A,Monitor,427.0,171,Supplier-X,2025-11-26,2385
WH-B,Tablet,47.0,122,Supplier-X,2025-04-14,1498
WH-D,Keyboard,335.0,244,Supplier-Z,2024-08-23,2437
WH-A,Mobile,493.0,90,Supplier-X,2025-07-28,2831
WH-A,Camera,,110,Supplier-B,2025-11-15,2219
WH-D,Mouse,121.0,133,Supplier-A,2025-03-23,1680
WH-A,Mouse,70.0,155,Supplier-Y,2024-07-10,1055
WH-B,Printer,57.0,174,Supplier-Y,2026-04-21,1748
WH-D,Tablet,495.0,95,Supplier-Y,2025-05-23,3433
WH-C,Tablet,388.0,141,Supplier-A,2026-03-31,3052
WH-B,Mouse,36.0,65,Supplier-Y,2025-07-16,851
WH-B,Mobile,254.0,244,Supplier-A,2024-09-20,2387
WH-B,Keyboard,100.0,213,Supplier-B,2025-06-02,1613
WH-B,Monitor,230.0,175,Supplier-X,2025-04-08,2181
WH-B,Camera,,159,Supplier-A,2025-11-06,2326
WH-B,Monitor,242.0,201,Supplier-Z,2026-05-24,2052
WH-E,Laptop,,170,Supplier-A,2026-04-05,2825
WH-E,Laptop,291.0,228,Supplier-A,2025-06-23,3743
WH-A,Camera,,242,Supplier-A,2026-01-01,1756
WH-D,Monitor,203.0,215,Supplier-Y,2024-10-27,2205
WH-A,Camera,102.0,196,Supplier-Z,2025-06-04,2338
WH-E,Laptop,257.0,230,Supplier-A,2024-11-14,3428
WH-B,Mouse,380.0,210,Supplier-A,2026-01-21,1976
WH-D,Mouse,36.0,242,Supplier-B,2025-08-10,1546
WH-E,Monitor,337.0,238,Supplier-X,2025-11-18,2689
WH-E,Mouse,76.0,169,Supplier-X,2025-01-26,1644
WH-A,Mouse,109.0,230,Supplier-Z,2025-10-22,861
WH-E,Monitor,191.0,79,Supplier-Y,2026-03-20,2655
WH-D,Monitor,184.0,118,Supplier-Y,2026-06-15,2359
WH-D,Keyboard,52.0,165,Supplier-X,2025-08-23,1404
WH-E,Mobile,383.0,186,Supplier-A,2026-02-22,3348
WH-D,Mouse,116.0,167,Supplier-X,2025-07-11,1292
WH-A,Printer,167.0,69,Supplier-Y,2025-06-27,1906
WH-B,Keyboard,376.0,88,Supplier-X,2025-06-04,2175
WH-B,Laptop,233.0,188,Supplier-Z,2026-04-03,2516
WH-D,Mouse,247.0,55,Supplier-A,2026-01-19,2090
WH-B,Mobile,466.0,183,Supplier-X,2025-10-04,2878
WH-C,Printer,195.0,133,Supplier-B,2025-01-25,2883
WH-E,Camera,175.0,128,Supplier-A,2025-03-08,3162
WH-C,Monitor,210.0,247,Supplier-A,2026-04-23,2612
WH-A,Tablet,165.0,92,Supplier-Z,2025-01-07,2061
WH-B,Keyboard,109.0,227,Supplier-Y,2026-04-07,1368
WH-B,Tablet,,131,Supplier-Y,2026-06-26,1644
WH-B,Camera,209.0,193,Supplier-Z,2024-09-06,2839
WH-A,Mouse,95.0,188,Supplier-Z,2025-02-02,868
WH-E,Keyboard,,177,Supplier-X,2026-05-16,1593
WH-B,Camera,,239,Supplier-Z,2025-06-16,2129
WH-E,Mouse,262.0,243,Supplier-Z,2025-01-06,2379
WH-B,Camera,372.0,172,Supplier-Z,2026-02-03,2986
WH-B,Mobile,32.0,106,Supplier-Z,2025-06-26,1674
WH-C,Mobile,48.0,99,Supplier-Z,2025-09-16,1992
WH-E,Monitor,,187,Supplier-Z,2025-10-18,2284
WH-D,Mobile,221.0,131,Supplier-B,2025-12-01,2921
WH-E,Laptop,223.0,159,Supplier-Z,2025-04-21,3208
WH-D,Mouse,165.0,128,Supplier-X,2025-03-19,1623
WH-E,Mobile,392.0,239,Supplier-Y,2024-07-23,3238
WH-D,Keyboard,432.0,158,Supplier-Y,2025-07-19,2769
WH-D,Tablet,,103,Supplier-B,2026-04-22,2205
WH-D,Mouse,497.0,243,Supplier-X,2025-03-10,2583
WH-A,Laptop,347.0,156,Supplier-A,2024-11-19,2780
WH-E,Camera,406.0,101,Supplier-B,2025-07-14,3963
WH-D,Keyboard,,127,Supplier-B,2024-12-12,1827
WH-E,Keyboard,306.0,107,Supplier-A,2025-04-02,2431
WH-A,Tablet,173.0,212,Supplier-Z,2026-03-12,2010
WH-A,Keyboard,111.0,226,Supplier-A,2025-01-17,1363
WH-B,Laptop,411.0,67,Supplier-X,2025-03-22,3089
WH-C,Camera,243.0,210,Supplier-B,2025-02-03,3330
WH-D,Mobile,282.0,54,Supplier-Z,2026-05-15,3028
WH-C,Tablet,49.0,168,Supplier-B,2025-10-07,2446
WH-B,Mouse,47.0,157,Supplier-Y,2025-12-27,1066
WH-C,Laptop,169.0,69,Supplier-Z,2026-05-15,2720
WH-B,Tablet,326.0,189,Supplier-X,2025-01-31,2393
WH-C,Keyboard,370.0,142,Supplier-Z,2025-09-05,2159
WH-E,Mouse,26.0,122,Supplier-Y,2024-07-08,1468
WH-D,Printer,491.0,76,Supplier-Z,2025-08-06,3634
WH-B,Monitor,427.0,207,Supplier-Y,2024-11-26,2784
WH-E,Mobile,255.0,79,Supplier-A,2024-09-05,3234
WH-B,Laptop,198.0,142,Supplier-A,2025-01-04,2515
WH-D,Mouse,383.0,240,Supplier-Y,2026-01-11,2566
WH-A,Monitor,458.0,226,Supplier-Y,2025-05-12,2440
WH-C,Tablet,86.0,158,Supplier-Y,2025-07-15,2161
WH-A,Mobile,416.0,160,Supplier-X,2025-09-05,2219
WH-B,Mobile,426.0,201,Supplier-X,2026-02-09,2458
WH-D,Mobile,,220,Supplier-Z,2025-01-03,1755
WH-A,Mobile,125.0,101,Supplier-B,2025-12-19,1819
WH-C,Laptop,94.0,121,Supplier-X,2025-07-05,2328
WH-C,Mouse,457.0,236,Supplier-Y,2025-11-14,2484
WH-B,Mobile,439.0,53,Supplier-X,2026-01-04,2737
WH-B,Monitor,107.0,187,Supplier-Z,2025-07-17,1573
WH-A,Monitor,455.0,143,Supplier-B,2025-06-14,2972
WH-E,Tablet,364.0,96,Supplier-A,2026-03-08,3669
WH-C,Printer,129.0,154,Supplier-A,2024-07-14,2394
WH-C,Mobile,76.0,176,Supplier-A,2024-09-11,2268
WH-C,Keyboard,,133,Supplier-B,2025-02-14,1452
WH-A,Printer,253.0,129,Supplier-Z,2024-12-20,2560
WH-D,Monitor,228.0,159,Supplier-B,2025-05-11,2630
WH-A,Camera,,222,Supplier-Z,2025-12-20,1901
WH-A,Printer,287.0,71,Supplier-A,2025-01-05,2472
WH-B,Printer,375.0,76,Supplier-A,2025-02-23,3254
WH-B,Mobile,121.0,202,Supplier-Z,2025-11-28,2145
WH-D,Mobile,449.0,177,Supplier-Y,2025-09-25,3139
WH-E,Keyboard,202.0,204,Supplier-A,2025-04-13,2313
WH-D,Keyboard,413.0,81,Supplier-Y,2025-07-03,2467
WH-D,Camera,341.0,57,Supplier-Y,2025-09-03,3223
WH-A,Mobile,,95,Supplier-A,2025-08-17,1445
WH-E,Mouse,175.0,74,Supplier-Y,2025-03-25,2114
WH-A,Camera,123.0,177,Supplier-A,2025-05-27,2370
WH-E,Keyboard,195.0,188,Supplier-B,2026-01-31,2464
WH-A,Laptop,470.0,148,Supplier-A,2025-09-01,3290
WH-C,Printer,,95,Supplier-A,2025-03-14,2235
WH-C,Tablet,240.0,233,Supplier-A,2025-03-31,2669
WH-D,Mobile,365.0,191,Supplier-B,2025-12-28,3395
WH-E,Camera,307.0,179,Supplier-A,2025-06-18,3499
WH-D,Keyboard,322.0,207,Supplier-A,2025-01-27,2612
WH-C,Keyboard,,61,Supplier-Z,2025-02-24,1065
WH-C,Mouse,33.0,210,Supplier-B,2025-01-12,1373
WH-D,Mobile,196.0,155,Supplier-A,2024-12-27,2617
WH-A,Monitor,140.0,201,Supplier-Y,2024-10-02,1413
WH-A,Keyboard,192.0,187,Supplier-X,2026-01-12,1142
WH-A,Camera,310.0,157,Supplier-A,2024-11-27,2816
WH-A,Camera,31.0,146,Supplier-B,2025-03-03,2235
WH-D,Mouse,70.0,75,Supplier-B,2024-10-01,1863
WH-B,Mouse,277.0,220,Supplier-A,2026-01-29,1804
WH-B,Keyboard,243.0,212,Supplier-Z,2025-08-21,1962
WH-A,Monitor,,196,Supplier-Z,2026-02-13,1255
WH-B,Mobile,68.0,119,Supplier-B,2025-12-19,1788
WH-E,Camera,127.0,69,Supplier-A,2024-11-21,3264
WH-C,Keyboard,359.0,101,Supplier-A,2024-11-26,2389
WH-D,Keyboard,283.0,245,Supplier-B,2024-12-16,2529
WH-B,Laptop,461.0,177,Supplier-B,2026-01-25,3442
WH-D,Keyboard,434.0,246,Supplier-B,2025-07-12,2924
WH-E,Laptop,122.0,87,Supplier-B,2025-01-31,3039
WH-B,Keyboard,230.0,66,Supplier-A,2026-01-14,1914
WH-B,Printer,441.0,91,Supplier-Z,2025-10-01,3104
WH-E,Monitor,142.0,99,Supplier-A,2026-02-11,2390
WH-B,Keyboard,268.0,161,Supplier-A,2025-08-12,1920
WH-A,Monitor,159.0,116,Supplier-Y,2025-10-07,1831
WH-C,Tablet,389.0,55,Supplier-X,2025-02-05,2645
WH-A,Mouse,172.0,154,Supplier-B,2024-09-17,1402
WH-A,Printer,140.0,238,Supplier-Y,2026-04-08,2026
WH-A,Keyboard,,203,Supplier-A,2024-11-28,762
WH-C,Mouse,397.0,241,Supplier-B,2025-02-16,2671
WH-B,Printer,93.0,104,Supplier-Y,2024-12-24,1969
WH-D,Printer,461.0,175,Supplier-Z,2025-04-07,3706
WH-C,Mobile,299.0,224,Supplier-Z,2024-11-17,2573
WH-C,Tablet,263.0,128,Supplier-Z,2025-02-20,2449
WH-E,Laptop,373.0,221,Supplier-X,2024-07-11,3391
WH-C,Printer,347.0,142,Supplier-Z,2026-01-01,3306
WH-A,Monitor,,150,Supplier-A,2025-08-19,1280
WH-C,Mobile,172.0,91,Supplier-Y,2024-10-07,2190
WH-C,Printer,160.0,249,Supplier-X,2025-01-30,2381
WH-D,Printer,387.0,75,Supplier-Z,2024-08-05,3633
WH-B,Keyboard,53.0,204,Supplier-B,2024-08-12,1532
WH-E,Mouse,,63,Supplier-A,2025-09-03,1728
WH-B,Camera,21.0,210,Supplier-Y,2025-02-12,1969
WH-C,Mobile,100.0,232,Supplier-X,2025-12-24,2043
WH-B,Printer,251.0,238,Supplier-Z,2024-10-07,2471
WH-C,Tablet,443.0,122,Supplier-B,2025-11-08,3280
WH-A,Printer,113.0,146,Supplier-Z,2026-05-06,2216
WH-E,Monitor,31.0,215,Supplier-X,2026-02-05,2056
WH-B,Mobile,121.0,93,Supplier-A,2025-07-17,1838
WH-D,Printer,153.0,144,Supplier-B,2024-09-18,2796
WH-E,Mobile,387.0,247,Supplier-X,2026-05-09,3143
WH-D,Mobile,385.0,250,Supplier-Y,2024-07-10,2941
WH-C,Camera,86.0,102,Supplier-A,2025-09-19,2715
WH-B,Keyboard,234.0,87,Supplier-Y,2025-02-06,1416
WH-C,Keyboard,336.0,113,Supplier-Y,2025-06-30,2097
WH-E,Camera,25.0,132,Supplier-X,2025-07-07,2679
WH-D,Monitor,382.0,202,Supplier-A,2025-06-08,3027
WH-A,Mobile,,110,Supplier-B,2025-03-22,1591
WH-C,Laptop,149.0,147,Supplier-X,2024-11-21,2351
WH-D,Mouse,476.0,198,Supplier-Y,2024-08-09,2519
WH-C,Tablet,272.0,169,Supplier-B,2025-01-13,2733
WH-A,Mouse,241.0,79,Supplier-B,2026-07-01,1583
WH-A,Tablet,466.0,121,Supplier-A,2026-05-01,3130
WH-C,Printer,482.0,206,Supplier-Z,2025-07-07,3720
WH-C,Mouse,477.0,238,Supplier-A,2024-09-27,2682
WH-B,Camera,116.0,108,Supplier-X,2026-03-31,2091
WH-A,Camera,103.0,161,Supplier-Z,2024-08-20,2018
WH-D,Laptop,202.0,193,Supplier-A,2025-05-08,3104
WH-D,Camera,453.0,87,Supplier-X,2025-07-17,3472
WH-C,Mobile,464.0,93,Supplier-Y,2024-08-27,3225
WH-E,Keyboard,476.0,104,Supplier-B,2025-09-22,3326
WH-A,Tablet,,246,Supplier-A,2025-11-01,1605
WH-A,Mouse,165.0,224,Supplier-X,2025-12-16,857
WH-D,Mouse,495.0,132,Supplier-B,2024-08-11,2863
WH-A,Mobile,445.0,172,Supplier-A,2024-10-26,2817
WH-C,Laptop,42.0,165,Supplier-Z,2024-10-24,2242
WH-E,Tablet,,214,Supplier-Y,2026-03-23,2094
WH-C,Laptop,300.0,147,Supplier-X,2025-09-11,2697
WH-D,Keyboard,142.0,152,Supplier-Y,2025-02-21,1571
WH-A,Monitor,218.0,122,Supplier-Y,2024-09-05,1935
WH-B,Mobile,271.0,238,Supplier-Z,2025-01-09,2575
WH-C,Tablet,,144,Supplier-Z,2024-10-01,1912
WH-B,Camera,473.0,118,Supplier-A,2025-09-07,3657
WH-E,Printer,407.0,144,Supplier-X,2026-02-14,3585
WH-B,Printer,,137,Supplier-A,2025-05-20,1987
WH-B,Tablet,289.0,184,Supplier-A,2025-10-14,2459
WH-C,Camera,60.0,172,Supplier-A,2025-10-07,2483
WH-B,Tablet,450.0,159,Supplier-Z,2026-03-07,2951
WH-E,Laptop,59.0,181,Supplier-B,2025-10-24,2782
WH-E,Printer,68.0,234,Supplier-A,2024-12-23,2845
WH-C,Mouse,,178,Supplier-Z,2026-02-23,908
WH-A,Camera,422.0,150,Supplier-Y,2025-08-10,2839
WH-A,Printer,180.0,166,Supplier-Z,2025-04-22,2377
WH-D,Keyboard,490.0,97,Supplier-Z,2025-06-15,2778
WH-B,Mobile,152.0,77,Supplier-B,2026-06-06,2228
WH-E,Laptop,222.0,93,Supplier-X,2025-06-09,3151
WH-D,Camera,464.0,240,Supplier-A,2025-02-16,4050
WH-D,Keyboard,436.0,142,Supplier-B,2026-04-30,3061
WH-D,Keyboard,84.0,98,Supplier-X,2025-10-01,1309
WH-A,Monitor,127.0,87,Supplier-X,2025-05-30,1563
WH-B,Printer,,247,Supplier-B,2025-02-23,2087
WH-B,Camera,31.0,89,Supplier-A,2025-09-15,2421
WH-D,Camera,30.0,199,Supplier-A,2025-10-26,2564
WH-B,Keyboard,444.0,63,Supplier-B,2024-08-16,2502
WH-A,Mobile,232.0,238,Supplier-A,2025-10-17,2242
WH-E,Keyboard,269.0,181,Supplier-X,2026-01-26,2309
WH-E,Camera,,54,Supplier-Y,2024-09-16,2566
WH-E,Mouse,52.0,215,Supplier-B,2026-02-13,1869
WH-D,Mobile,338.0,138,Supplier-A,2024-12-09,3093
WH-D,Laptop,167.0,170,Supplier-Y,2025-10-29,2727
WH-D,Monitor,132.0,225,Supplier-B,2024-12-11,2419
WH-E,Camera,472.0,232,Supplier-Y,2025-01-22,3965
WH-D,Mouse,429.0,91,Supplier-A,2025-11-25,2805
WH-B,Keyboard,361.0,94,Supplier-X,2024-09-02,1785
WH-B,Camera,426.0,176,Supplier-X,2024-10-30,3083
WH-B,Monitor,44.0,141,Supplier-B,2025-01-03,1715
WH-C,Tablet,443.0,178,Supplier-Y,2024-11-13,2895
WH-A,Mouse,78.0,80,Supplier-A,2025-09-02,1121
WH-B,Camera,194.0,246,Supplier-Z,2024-08-28,2455
WH-E,Keyboard,456.0,181,Supplier-Y,2024-10-30,2977
WH-A,Laptop,429.0,243,Supplier-A,2024-07-03,2993
WH-A,Mobile,41.0,92,Supplier-B,2025-05-14,1795
WH-A,Monitor,100.0,231,Supplier-Z,2025-06-15,1576
WH-E,Camera,98.0,135,Supplier-X,2025-12-18,2963
WH-B,Mobile,244.0,246,Supplier-Y,2025-10-05,2375
WH-A,Monitor,194.0,93,Supplier-A,2025-06-30,1775
WH-C,Mouse,204.0,112,Supplier-A,2025-02-12,1689
WH-E,Printer,90.0,155,Supplier-Y,2024-07-26,2629
WH-D,Mouse,246.0,52,Supplier-X,2024-12-27,2005
WH-E,Mobile,193.0,247,Supplier-X,2025-02-09,2413
WH-D,Laptop,,214,Supplier-A,2026-01-01,2327
WH-E,Laptop,171.0,224,Supplier-B,2025-02-05,3421
WH-E,Keyboard,485.0,121,Supplier-Z,2025-12-29,3125
WH-E,Tablet,248.0,189,Supplier-A,2026-04-29,3213
WH-E,Camera,474.0,216,Supplier-Z,2025-06-18,4079
WH-B,Keyboard,38.0,149,Supplier-X,2024-08-25,1085
WH-B,Keyboard,67.0,129,Supplier-Y,2025-12-16,1167
WH-C,Tablet,34.0,188,Supplier-X,2024-12-29,1855
WH-C,Monitor,391.0,179,Supplier-Z,2026-06-18,2679
WH-A,Mouse,341.0,81,Supplier-Z,2025-01-22,1547
WH-A,Camera,313.0,166,Supplier-Z,2026-03-04,2762
WH-B,Monitor,173.0,250,Supplier-Z,2026-03-07,2186
WH-E,Tablet,286.0,76,Supplier-A,2025-10-29,3175
WH-E,Monitor,,232,Supplier-Z,2025-10-02,2067
WH-D,Mobile,51.0,83,Supplier-X,2025-11-26,1946
WH-B,Camera,209.0,153,Supplier-X,2026-03-17,2578
WH-E,Printer,319.0,158,Supplier-Z,2026-06-26,3432
WH-D,Printer,93.0,174,Supplier-Y,2024-12-01,2593
WH-D,Tablet,461.0,227,Supplier-B,2025-05-27,3541
WH-D,Camera,402.0,193,Supplier-X,2024-09-28,3445
WH-A,Printer,81.0,124,Supplier-X,2025-08-27,1513
WH-E,Tablet,210.0,145,Supplier-X,2024-12-22,2635
WH-C,Camera,425.0,250,Supplier-X,2025-11-16,3426
WH-D,Laptop,475.0,96,Supplier-Z,2024-10-24,3994
WH-D,Laptop,300.0,61,Supplier-X,2026-06-06,3063
WH-D,Keyboard,251.0,250,Supplier-B,2025-01-23,2346
WH-D,Tablet,278.0,244,Supplier-Y,2026-04-04,2814
WH-D,Tablet,65.0,220,Supplier-Z,2024-10-19,2364
WH-D,Printer,480.0,188,Supplier-Y,2024-08-25,3413
WH-D,Keyboard,463.0,56,Supplier-X,2024-08-16,2681
WH-C,Mobile,63.0,208,Supplier-B,2024-11-06,2216
WH-E,Laptop,287.0,171,Supplier-B,2026-03-08,3668
WH-A,Mobile,112.0,120,Supplier-B,2025-02-24,2088
WH-B,Monitor,,186,Supplier-B,2025-10-06,1760
WH-C,Printer,43.0,55,Supplier-B,2026-02-02,2353
WH-D,Tablet,32.0,131,Supplier-A,2026-04-02,2241
WH-C,Mobile,70.0,123,Supplier-X,2025-09-16,1633
WH-B,Keyboard,98.0,154,Supplier-X,2026-06-16,1241
WH-B,Laptop,186.0,232,Supplier-B,2025-02-10,2537
WH-C,Printer,183.0,132,Supplier-X,2025-06-07,2331
WH-D,Mobile,123.0,202,Supplier-X,2024-10-05,2219
WH-B,Camera,405.0,79,Supplier-B,2025-06-30,3402
WH-A,Mouse,303.0,173,Supplier-A,2025-12-17,1523
WH-D,Monitor,157.0,200,Supplier-X,2025-02-22,2266
WH-A,Monitor,353.0,127,Supplier-B,2025-12-26,2599
WH-D,Camera,453.0,102,Supplier-X,2025-05-09,3809
WH-B,Mouse,106.0,187,Supplier-B,2025-01-28,1434
WH-E,Camera,20.0,208,Supplier-X,2025-07-24,2458
WH-B,Laptop,497.0,119,Supplier-X,2025-08-24,3347
WH-C,Printer,451.0,199,Supplier-Z,2025-07-19,3633
WH-E,Keyboard,102.0,194,Supplier-X,2025-06-06,1541
WH-C,Mobile,377.0,85,Supplier-A,2024-09-01,3152
WH-E,Keyboard,127.0,131,Supplier-A,2025-10-08,2230
WH-C,Keyboard,159.0,132,Supplier-A,2024-07-31,1751
WH-B,Camera,,227,Supplier-B,2026-05-22,2118
WH-A,Camera,,94,Supplier-X,2025-06-01,1661
WH-E,Camera,,216,Supplier-A,2026-01-22,2883
WH-A,Laptop,364.0,146,Supplier-A,2025-03-08,3165
WH-E,Mouse,110.0,228,Supplier-A,2025-10-12,1734
WH-A,Camera,499.0,52,Supplier-Z,2025-01-11,3260
WH-A,Keyboard,,207,Supplier-Z,2024-07-21,920
WH-C,Monitor,272.0,59,Supplier-Y,2024-09-09,2309
WH-D,Monitor,120.0,213,Supplier-X,2024-12-25,2012
WH-A,Keyboard,276.0,191,Supplier-B,2025-12-06,1727
WH-E,Tablet,321.0,66,Supplier-X,2026-04-11,2878
WH-C,Monitor,393.0,99,Supplier-B,2026-04-30,3263
WH-A,Keyboard,472.0,159,Supplier-B,2025-09-20,2544
WH-A,Mouse,452.0,120,Supplier-A,2025-09-30,2018
WH-E,Camera,205.0,61,Supplier-A,2024-07-17,3534
WH-B,Laptop,490.0,164,Supplier-Z,2026-02-15,3381
WH-A,Printer,,196,Supplier-Y,2025-12-05,1763
WH-A,Monitor,58.0,100,Supplier-A,2026-03-31,1408
WH-C,Keyboard,340.0,57,Supplier-X,2025-01-26,2065
WH-D,Laptop,428.0,135,Supplier-B,2025-09-21,4064
WH-C,Monitor,262.0,137,Supplier-X,2024-08-01,2462
WH-A,Mouse,426.0,68,Supplier-B,2026-02-13,2375
WH-E,Camera,340.0,81,Supplier-X,2026-02-08,3313
WH-A,Laptop,180.0,227,Supplier-A,2024-11-14,2223
WH-B,Laptop,48.0,210,Supplier-A,2025-07-01,2215
WH-A,Mobile,,147,Supplier-X,2025-08-08,1155
WH-A,Printer,462.0,218,Supplier-Y,2025-11-19,3055
WH-A,Camera,257.0,208,Supplier-A,2025-06-09,2838
WH-A,Mouse,252.0,200,Supplier-X,2026-06-12,1154
WH-A,Mobile,324.0,201,Supplier-X,2025-02-02,2326
WH-B,Tablet,151.0,173,Supplier-B,2024-11-18,2474
WH-E,Camera,144.0,61,Supplier-Y,2025-09-28,2812
WH-B,Keyboard,243.0,216,Supplier-B,2025-06-04,2115
WH-C,Keyboard,473.0,87,Supplier-B,2025-11-06,2694
WH-D,Keyboard,195.0,52,Supplier-B,2026-03-25,2250
WH-E,Tablet,141.0,193,Supplier-X,2025-07-17,2712
WH-A,Printer,120.0,213,Supplier-Z,2024-09-09,1913
WH-A,Mouse,361.0,227,Supplier-Y,2025-07-01,1722
WH-E,Mouse,309.0,207,Supplier-B,2025-03-28,2580
WH-D,Mouse,73.0,60,Supplier-Y,2025-05-14,1472
WH-B,Laptop,374.0,209,Supplier-Y,2025-03-16,2881
WH-B,Camera,433.0,102,Supplier-Z,2025-03-07,3353
WH-B,Laptop,,57,Supplier-Z,2025-12-03,2034
WH-A,Tablet,245.0,199,Supplier-Z,2024-09-20,2376
WH-C,Laptop,121.0,94,Supplier-X,2026-04-28,2225
WH-C,Tablet,453.0,95,Supplier-Z,2024-11-02,3109
WH-A,Tablet,486.0,223,Supplier-Z,2025-03-14,2778
WH-D,Mobile,499.0,166,Supplier-Z,2025-05-16,3369
WH-C,Mouse,289.0,209,Supplier-Y,2025-12-21,1889
WH-A,Mobile,471.0,98,Supplier-Y,2025-07-20,2561
WH-E,Printer,182.0,212,Supplier-Z,2025-02-09,2921
WH-A,Monitor,170.0,133,Supplier-B,2025-11-27,1886
WH-A,Keyboard,455.0,199,Supplier-Y,2025-05-08,2115
WH-B,Mobile,424.0,66,Supplier-A,2026-03-24,2807
WH-E,Printer,211.0,168,Supplier-B,2026-02-11,3174
WH-C,Mouse,375.0,176,Supplier-B,2025-09-01,2467
WH-C,Printer,,106,Supplier-B,2024-07-29,2153
WH-D,Monitor,131.0,146,Supplier-A,2025-06-19,2435
WH-B,Mouse,,242,Supplier-Z,2024-09-07,743
WH-C,Camera,200.0,60,Supplier-B,2025-03-02,3088
WH-E,Mouse,250.0,154,Supplier-A,2025-01-13,2338
WH-D,Mouse,,163,Supplier-Z,2025-03-09,1219
WH-C,Mobile,,178,Supplier-Z,2024-09-29,1812
WH-E,Mobile,494.0,80,Supplier-Z,2026-02-21,3468
WH-C,Laptop,122.0,222,Supplier-B,2025-05-10,2684
WH-C,Keyboard,117.0,85,Supplier-Z,2026-05-03,1788
WH-E,Keyboard,414.0,138,Supplier-X,2025-08-04,2842
WH-D,Printer,407.0,170,Supplier-B,2026-04-02,3805
WH-E,Tablet,136.0,241,Supplier-A,2024-07-01,2665
WH-D,Monitor,320.0,243,Supplier-B,2025-11-23,3049
WH-D,Mouse,180.0,159,Supplier-X,2026-05-07,1834
WH-D,Monitor,250.0,57,Supplier-A,2025-08-26,2691
WH-B,Tablet,,218,Supplier-Z,2025-06-24,1877
WH-C,Mouse,234.0,242,Supplier-Y,2025-05-17,1708
WH-E,Keyboard,,58,Supplier-Z,2024-08-12,1471
WH-B,Mouse,342.0,205,Supplier-B,2024-11-23,2219
WH-D,Printer,,148,Supplier-Y,2025-08-07,2046
WH-D,Mobile,311.0,213,Supplier-Z,2025-04-08,2838
WH-A,Tablet,365.0,58,Supplier-X,2025-10-27,2568
WH-E,Camera,115.0,148,Supplier-X,2026-02-08,2740
WH-B,Monitor,357.0,166,Supplier-Z,2025-07-23,2350
WH-C,Laptop,187.0,155,Supplier-Y,2025-10-29,2611
WH-B,Mobile,294.0,240,Supplier-Y,2025-06-09,2167
WH-D,Monitor,465.0,160,Supplier-Y,2026-02-11,3363
WH-D,Tablet,314.0,200,Supplier-B,2024-08-10,3095
WH-E,Camera,,86,Supplier-Z,2024-12-06,2678
WH-A,Printer,433.0,134,Supplier-B,2025-01-24,3240
WH-D,Camera,,73,Supplier-A,2025-08-31,2497
WH-D,Mouse,220.0,94,Supplier-Z,2024-10-10,1972
WH-B,Tablet,395.0,148,Supplier-B,2026-06-21,3172
WH-B,Mobile,377.0,111,Supplier-A,2025-02-09,3026
WH-B,Keyboard,169.0,67,Supplier-B,2025-06-06,1864
WH-B,Camera,410.0,144,Supplier-A,2026-05-16,3219
WH-A,Mouse,250.0,103,Supplier-A,2025-12-25,1609
WH-A,Camera,57.0,222,Supplier-X,2025-07-12,2004
WH-D,Printer,401.0,99,Supplier-Z,2024-10-03,3456
WH-A,Laptop,78.0,84,Supplier-Z,2024-07-23,1951
WH-D,Camera,,218,Supplier-A,2025-11-02,2474
WH-D,Tablet,440.0,91,Supplier-A,2025-10-16,3357
WH-A,Mobile,170.0,239,Supplier-Y,2026-03-13,1760
WH-B,Mobile,366.0,162,Supplier-X,2025-01-02,2431
WH-B,Monitor,477.0,105,Supplier-X,2026-01-03,2707
WH-A,Mobile,373.0,63,Supplier-A,2024-11-01,2675
WH-A,Laptop,412.0,113,Supplier-A,2025-02-27,3077
WH-B,Monitor,28.0,53,Supplier-X,2025-09-01,1306
WH-B,Mobile,,220,Supplier-Y,2024-07-11,1335
WH-B,Laptop,282.0,133,Supplier-A,2025-09-02,2861
WH-E,Monitor,126.0,151,Supplier-B,2025-05-13,2647
WH-A,Monitor,74.0,94,Supplier-Y,2024-09-11,1179
WH-D,Mouse,219.0,106,Supplier-X,2024-12-22,1590
WH-C,Mouse,54.0,155,Supplier-X,2026-04-15,1016
WH-E,Camera,384.0,195,Supplier-X,2026-06-10,3489
WH-C,Mobile,186.0,228,Supplier-B,2024-09-27,2506
WH-B,Mouse,345.0,226,Supplier-Y,2025-06-24,1797
WH-D,Mobile,29.0,199,Supplier-Z,2024-09-30,2066
WH-D,Monitor,320.0,53,Supplier-B,2025-11-16,2929
WH-A,Mobile,141.0,243,Supplier-Z,2026-04-08,1697
WH-E,Mobile,90.0,125,Supplier-X,2024-10-28,2123
WH-B,Printer,,235,Supplier-Y,2025-07-23,1856
WH-D,Mouse,162.0,244,Supplier-Y,2026-06-25,1506
WH-E,Printer,,237,Supplier-Z,2026-01-08,2419
WH-C,Monitor,,220,Supplier-Y,2025-02-12,1477
WH-B,Printer,184.0,211,Supplier-B,2025-07-31,2405
WH-A,Camera,,86,Supplier-X,2025-12-30,1554
WH-B,Mobile,323.0,102,Supplier-Y,2025-01-29,2339
WH-E,Mobile,391.0,92,Supplier-A,2025-05-19,3592
WH-B,Monitor,110.0,127,Supplier-A,2026-04-10,1826
WH-E,Camera,159.0,173,Supplier-Y,2025-07-10,2867
WH-C,Printer,105.0,158,Supplier-A,2025-07-02,2523
WH-E,Printer,439.0,173,Supplier-Y,2025-01-06,3477
WH-D,Printer,408.0,126,Supplier-X,2025-06-20,3378
WH-E,Tablet,392.0,147,Supplier-B,2025-09-02,3663
WH-C,Camera,212.0,173,Supplier-Z,2024-10-21,2722
WH-C,Tablet,120.0,98,Supplier-A,2025-04-24,2112
WH-A,Mouse,227.0,151,Supplier-A,2024-11-26,1661
WH-C,Printer,177.0,200,Supplier-A,2026-06-17,2517
WH-D,Laptop,217.0,91,Supplier-X,2025-10-09,2700
WH-D,Keyboard,280.0,212,Supplier-Z,2025-07-30,2392
WH-C,Laptop,494.0,113,Supplier-A,2026-01-31,3656
WH-D,Laptop,343.0,57,Supplier-Z,2026-05-14,3536
WH-B,Keyboard,253.0,87,Supplier-B,2024-10-15,1889
WH-B,Tablet,79.0,214,Supplier-X,2026-05-03,1851
WH-D,Printer,,98,Supplier-B,2024-08-24,2698
WH-D,Tablet,149.0,178,Supplier-A,2025-01-31,2669
WH-D,Keyboard,405.0,236,Supplier-A,2026-02-21,2960
WH-A,Mobile,417.0,86,Supplier-B,2026-03-06,2738
WH-B,Printer,23.0,175,Supplier-Z,2026-04-25,1719
WH-A,Mobile,288.0,123,Supplier-A,2025-05-19,2489
WH-D,Tablet,211.0,84,Supplier-Y,2025-03-21,2484
WH-D,Tablet,76.0,104,Supplier-B,2026-06-26,2373
WH-B,Laptop,434.0,116,Supplier-Y,2026-03-04,3398
WH-D,Camera,75.0,92,Supplier-B,2025-07-30,2715
WH-C,Mobile,83.0,137,Supplier-A,2025-01-24,1914
WH-E,Monitor,268.0,75,Supplier-A,2026-03-30,2758
WH-A,Keyboard,360.0,60,Supplier-X,2024-07-02,1529
WH-B,Laptop,328.0,244,Supplier-A,2025-02-05,2970
WH-D,Camera,329.0,144,Supplier-Z,2026-01-15,3586
WH-C,Mouse,204.0,146,Supplier-Y,2025-02-17,1724
WH-A,Mouse,432.0,166,Supplier-Z,2026-04-12,2241
WH-D,Tablet,328.0,185,Supplier-X,2025-09-29,2777
WH-B,Mouse,336.0,171,Supplier-A,2025-09-24,2071
WH-D,Monitor,346.0,132,Supplier-X,2025-11-25,2496
WH-C,Laptop,367.0,205,Supplier-Z,2025-07-16,3299
WH-D,Mobile,239.0,171,Supplier-Z,2026-05-04,2804
WH-A,Printer,330.0,86,Supplier-Z,2024-10-24,2885
WH-E,Laptop,274.0,127,Supplier-Y,2025-06-12,3498
WH-E,Camera,478.0,79,Supplier-Y,2025-08-23,4030
WH-E,Monitor,128.0,218,Supplier-Y,2025-07-12,2492
WH-A,Mobile,,133,Supplier-A,2025-03-26,1446
WH-C,Monitor,360.0,221,Supplier-Z,2025-03-16,2593
WH-B,Camera,427.0,107,Supplier-X,2025-09-02,3225
WH-E,Mobile,213.0,240,Supplier-Z,2026-02-13,2965
WH-D,Printer,134.0,124,Supplier-Y,2025-08-27,2396
WH-A,Mobile,399.0,98,Supplier-Z,2025-04-19,2728
WH-A,Mouse,456.0,147,Supplier-Y,2025-06-19,2063
WH-A,Keyboard,322.0,149,Supplier-X,2026-06-25,1582
WH-C,Mouse,286.0,201,Supplier-Y,2025-03-07,1771
WH-A,Printer,295.0,130,Supplier-X,2026-05-07,2209
WH-C,Monitor,368.0,203,Supplier-A,2024-11-24,2799
WH-B,Laptop,183.0,226,Supplier-B,2025-12-24,2562
WH-C,Camera,273.0,146,Supplier-Y,2025-01-02,2799
WH-C,Tablet,454.0,107,Supplier-Y,2025-09-18,3270
WH-A,Tablet,392.0,218,Supplier-A,2025-04-24,2960
WH-B,Laptop,220.0,223,Supplier-B,2024-12-29,2852
WH-C,Printer,56.0,122,Supplier-A,2026-04-26,2262
WH-B,Printer,87.0,198,Supplier-X,2026-02-23,2154
WH-A,Keyboard,355.0,85,Supplier-A,2025-05-16,1991
WH-D,Keyboard,127.0,241,Supplier-Y,2024-08-03,1581
WH-A,Mouse,72.0,87,Supplier-B,2025-03-05,1108
WH-D,Tablet,69.0,171,Supplier-X,2026-01-30,1948
WH-A,Mobile,352.0,161,Supplier-B,2025-07-03,2482
WH-D,Monitor,80.0,175,Supplier-X,2025-12-30,1844
WH-E,Tablet,417.0,221,Supplier-A,2026-06-10,3738
WH-A,Camera,160.0,163,Supplier-A,2026-03-23,2418
WH-A,Mobile,62.0,214,Supplier-X,2025-04-23,1478
WH-E,Monitor,320.0,196,Supplier-X,2025-04-26,2855
WH-C,Mobile,112.0,215,Supplier-B,2025-11-28,2445
WH-D,Keyboard,,66,Supplier-B,2026-03-08,1765
WH-E,Tablet,436.0,150,Supplier-A,2026-03-30,3742
WH-E,Camera,285.0,187,Supplier-X,2025-11-19,3470
WH-A,Monitor,112.0,227,Supplier-X,2024-10-27,1278
WH-A,Camera,,197,Supplier-Z,2025-07-20,1755
WH-B,Mobile,151.0,58,Supplier-B,2024-07-29,2046
WH-A,Keyboard,298.0,218,Supplier-Z,2024-10-07,1494
WH-B,Keyboard,285.0,125,Supplier-X,2025-07-26,1792
WH-E,Camera,315.0,130,Supplier-Y,2025-10-02,3562
WH-C,Monitor,359.0,110,Supplier-X,2025-03-15,2345
WH-B,Tablet,458.0,84,Supplier-Z,2026-05-07,3132
WH-E,Monitor,203.0,236,Supplier-B,2024-09-16,2977
WH-D,Mobile,150.0,216,Supplier-B,2026-05-11,2483
WH-D,Camera,150.0,227,Supplier-X,2026-04-18,2573
WH-E,Monitor,342.0,212,Supplier-X,2025-06-07,3032
WH-B,Mouse,356.0,180,Supplier-B,2024-09-16,2277
WH-B,Printer,181.0,161,Supplier-Y,2025-08-13,2287
WH-A,Monitor,158.0,78,Supplier-X,2026-06-08,1674
WH-E,Printer,188.0,142,Supplier-X,2025-06-20,2784
WH-C,Tablet,,146,Supplier-Y,2024-07-12,1663
WH-D,Mobile,109.0,128,Supplier-X,2026-01-13,2178
WH-D,Mobile,198.0,122,Supplier-B,2024-10-20,2826
WH-C,Mobile,107.0,242,Supplier-X,2025-05-15,1870
WH-B,Mouse,302.0,153,Supplier-B,2026-05-08,2050
WH-E,Tablet,24.0,232,Supplier-Z,2025-11-21,2201
WH-B,Tablet,310.0,63,Supplier-A,2024-10-28,2851
WH-C,Monitor,234.0,96,Supplier-B,2024-08-28,2576
WH-C,Camera,166.0,159,Supplier-B,2025-06-30,3014
WH-B,Keyboard,176.0,130,Supplier-X,2026-02-28,1560
WH-A,Mobile,393.0,73,Supplier-X,2025-01-22,2213
WH-E,Laptop,400.0,176,Supplier-X,2025-03-20,3763
WH-A,Printer,497.0,172,Supplier-B,2025-10-28,3395
WH-E,Mobile,27.0,240,Supplier-A,2025-12-21,2134
WH-D,Mouse,398.0,185,Supplier-Y,2025-05-05,2544
WH-E,Laptop,249.0,222,Supplier-B,2025-11-17,3688
WH-E,Monitor,58.0,84,Supplier-Y,2024-09-01,2187
WH-C,Laptop,273.0,145,Supplier-A,2026-04-23,2926
WH-C,Monitor,455.0,80,Supplier-B,2025-03-13,3163
WH-C,Camera,155.0,238,Supplier-Z,2026-04-24,2838
WH-E,Printer,492.0,214,Supplier-Y,2025-12-06,3889
WH-A,Camera,454.0,141,Supplier-B,2026-04-29,3215
WH-E,Camera,172.0,51,Supplier-Z,2025-08-19,3145
WH-B,Printer,24.0,175,Supplier-Z,2025-04-22,1823
WH-A,Tablet,83.0,51,Supplier-A,2025-03-03,1678
WH-C,Monitor,222.0,143,Supplier-A,2025-10-30,2435
WH-B,Keyboard,244.0,162,Supplier-X,2026-01-10,1414
WH-B,Mouse,22.0,231,Supplier-A,2026-05-21,967
WH-A,Monitor,40.0,157,Supplier-Z,2026-02-10,1550
WH-C,Laptop,361.0,172,Supplier-Y,2025-07-15,3273
WH-C,Mobile,270.0,224,Supplier-A,2026-05-09,2825
WH-B,Mouse,276.0,239,Supplier-A,2025-08-25,2059
WH-D,Tablet,75.0,82,Supplier-X,2024-07-28,1954
WH-C,Laptop,46.0,137,Supplier-Y,2025-10-23,2207
WH-E,Laptop,265.0,174,Supplier-A,2024-08-23,3287
WH-D,Monitor,98.0,97,Supplier-B,2024-12-30,2271
WH-C,Mobile,378.0,159,Supplier-Z,2025-11-03,2785
WH-D,Mobile,332.0,201,Supplier-B,2025-12-14,3268
WH-B,Monitor,87.0,120,Supplier-X,2026-06-16,1409
WH-B,Printer,335.0,63,Supplier-X,2025-02-09,2649
WH-D,Keyboard,133.0,172,Supplier-Y,2024-12-24,1530
WH-E,Printer,175.0,143,Supplier-X,2026-02-01,2718
WH-C,Printer,183.0,96,Supplier-Y,2024-09-09,2319
WH-A,Laptop,128.0,121,Supplier-Z,2025-06-03,2244
WH-A,Printer,149.0,143,Supplier-Y,2024-09-15,1968
WH-C,Mobile,,191,Supplier-X,2026-02-11,1744
WH-B,Mouse,399.0,240,Supplier-Z,2025-11-05,2295
WH-E,Mouse,352.0,199,Supplier-Y,2025-12-29,2452
WH-A,Mobile,342.0,80,Supplier-Y,2026-05-09,2097
WH-E,Monitor,380.0,75,Supplier-Y,2024-09-17,2928
WH-E,Mouse,391.0,244,Supplier-Z,2025-06-10,2576
WH-E,Tablet,85.0,190,Supplier-X,2024-11-07,2469
WH-C,Mouse,249.0,80,Supplier-Z,2025-12-22,1870
WH-A,Camera,288.0,178,Supplier-A,2025-02-18,3018
WH-A,Tablet,160.0,83,Supplier-B,2026-06-02,2078
WH-A,Laptop,399.0,176,Supplier-Y,2024-07-23,2997
WH-E,Mobile,244.0,148,Supplier-Y,2024-08-05,2869
WH-D,Printer,159.0,50,Supplier-B,2025-03-09,2808
WH-E,Monitor,,181,Supplier-B,2026-03-11,2283
WH-E,Keyboard,456.0,231,Supplier-Z,2024-08-13,2905
WH-E,Mobile,,110,Supplier-Y,2025-02-13,1999
WH-A,Tablet,494.0,63,Supplier-Z,2025-04-05,3060
WH-B,Monitor,,138,Supplier-B,2025-04-18,1773
WH-E,Mouse,62.0,190,Supplier-Z,2025-05-31,1621
WH-B,Printer,170.0,64,Supplier-B,2024-10-22,2680
WH-A,Mouse,394.0,95,Supplier-Y,2025-01-06,1713
WH-A,Mobile,354.0,210,Supplier-A,2025-08-17,2636
WH-E,Monitor,132.0,102,Supplier-A,2025-05-17,2643
WH-D,Tablet,138.0,161,Supplier-A,2025-09-13,2552
WH-B,Camera,273.0,97,Supplier-X,2025-12-12,2886
WH-B,Monitor,271.0,96,Supplier-B,2026-03-08,2594
WH-C,Laptop,103.0,150,Supplier-Z,2024-11-17,2610
WH-E,Monitor,,112,Supplier-X,2024-11-10,1882
WH-D,Mobile,90.0,53,Supplier-B,2024-11-13,2528
WH-A,Printer,30.0,53,Supplier-A,2024-08-31,2030
WH-A,Tablet,,86,Supplier-Y,2025-10-17,1471
WH-E,Laptop,425.0,238,Supplier-X,2026-05-08,3843
WH-C,Mobile,91.0,194,Supplier-Y,2025-04-24,1950
WH-B,Keyboard,265.0,64,Supplier-Z,2025-10-25,1873
WH-C,Mobile,,189,Supplier-X,2025-12-13,1501
WH-A,Printer,20.0,56,Supplier-Y,2025-01-04,1526
WH-D,Printer,200.0,107,Supplier-Y,2025-07-22,3000
WH-D,Mobile,106.0,107,Supplier-A,2026-06-10,2220
WH-C,Mouse,335.0,142,Supplier-X,2025-09-26,1748
WH-A,Tablet,239.0,203,Supplier-Y,2024-10-20,1959
WH-D,Tablet,339.0,139,Supplier-Z,2024-12-28,3315
WH-A,Keyboard,358.0,117,Supplier-A,2025-06-24,2189
WH-A,Laptop,418.0,131,Supplier-Y,2025-11-08,2779
WH-D,Camera,,197,Supplier-A,2025-01-14,2568
WH-C,Tablet,185.0,96,Supplier-X,2025-06-22,2397
WH-D,Mouse,273.0,227,Supplier-Z,2025-01-15,2130
WH-E,Mouse,430.0,112,Supplier-Y,2025-11-30,2686
WH-D,Camera,293.0,187,Supplier-B,2024-07-08,3749
WH-B,Printer,317.0,184,Supplier-X,2026-05-30,2696
WH-B,Mobile,,54,Supplier-Y,2026-03-17,1435
WH-E,Camera,491.0,139,Supplier-Y,2025-06-27,4007
WH-B,Keyboard,93.0,191,Supplier-A,2026-05-31,1394
WH-B,Monitor,48.0,80,Supplier-Y,2025-02-09,1650
WH-B,Printer,376.0,145,Supplier-X,2025-12-09,2605
WH-A,Mobile,448.0,90,Supplier-A,2025-08-29,2609
WH-B,Mouse,60.0,53,Supplier-Y,2024-10-31,1071
WH-D,Tablet,260.0,241,Supplier-Y,2024-08-27,2800
WH-C,Camera,389.0,250,Supplier-A,2025-06-09,3647
WH-A,Keyboard,,214,Supplier-X,2025-03-26,416
WH-E,Tablet,,158,Supplier-B,2025-09-30,2598
WH-D,Keyboard,276.0,108,Supplier-B,2025-02-18,2444
WH-B,Keyboard,287.0,82,Supplier-X,2025-11-09,1841
WH-B,Printer,48.0,97,Supplier-B,2025-05-26,2415
WH-E,Mobile,264.0,214,Supplier-A,2025-12-19,3049
WH-D,Tablet,431.0,158,Supplier-X,2025-01-11,3042
WH-C,Mobile,59.0,249,Supplier-X,2025-06-20,1960
WH-C,Laptop,164.0,77,Supplier-Y,2026-04-18,2375
WH-B,Laptop,116.0,213,Supplier-Z,2025-02-20,2114
WH-B,Keyboard,311.0,194,Supplier-X,2024-12-02,1937
WH-D,Laptop,,129,Supplier-X,2025-04-25,1954
WH-C,Keyboard,276.0,242,Supplier-A,2026-04-24,2128
WH-C,Tablet,189.0,239,Supplier-X,2025-07-11,2274
WH-A,Tablet,320.0,172,Supplier-X,2024-09-21,2310
WH-A,Keyboard,97.0,70,Supplier-Y,2025-01-01,1111
WH-A,Monitor,433.0,86,Supplier-Y,2025-04-23,2642
WH-B,Mouse,422.0,124,Supplier-A,2025-09-18,2250
WH-E,Printer,476.0,224,Supplier-X,2025-04-05,3676
WH-B,Monitor,,89,Supplier-B,2025-09-20,1740
WH-D,Mobile,93.0,129,Supplier-X,2025-02-15,2109
WH-A,Camera,252.0,125,Supplier-X,2025-12-26,2288
WH-A,Keyboard,206.0,68,Supplier-B,2025-02-15,1509
WH-D,Keyboard,151.0,163,Supplier-A,2024-07-18,2085
WH-B,Mobile,,123,Supplier-B,2026-04-06,1755
WH-D,Tablet,207.0,209,Supplier-A,2025-11-24,2731
WH-C,Mobile,279.0,224,Supplier-A,2025-05-04,2508
WH-E,Laptop,378.0,52,Supplier-Y,2025-01-30,3463
WH-A,Keyboard,101.0,68,Supplier-A,2024-07-07,1117
WH-D,Camera,198.0,214,Supplier-X,2025-09-13,2917
WH-D,Mobile,112.0,151,Supplier-X,2026-05-03,2279
WH-D,Monitor,,137,Supplier-A,2025-12-15,2059
WH-D,Monitor,78.0,59,Supplier-A,2026-02-25,2263
WH-B,Camera,347.0,195,Supplier-Y,2026-01-30,2807
WH-E,Printer,499.0,160,Supplier-X,2024-08-08,3789
WH-B,Laptop,,244,Supplier-Y,2026-06-08,2000
WH-D,Keyboard,345.0,86,Supplier-Z,2025-10-15,2270
WH-C,Printer,172.0,165,Supplier-X,2026-01-30,2612
WH-D,Monitor,114.0,73,Supplier-Z,2025-07-21,2211
WH-C,Keyboard,121.0,157,Supplier-Y,2026-04-08,1509
WH-D,Tablet,201.0,196,Supplier-A,2026-06-03,2752
WH-A,Monitor,390.0,207,Supplier-X,2026-06-02,2094
WH-C,Mouse,97.0,87,Supplier-X,2025-02-08,1246
WH-C,Mobile,154.0,50,Supplier-A,2026-02-23,2342
WH-B,Camera,,240,Supplier-B,2026-03-13,2146
WH-D,Tablet,213.0,103,Supplier-B,2024-12-26,2786
WH-E,Laptop,436.0,127,Supplier-Z,2025-10-15,3815
WH-E,Mobile,352.0,155,Supplier-A,2026-03-15,3316
WH-C,Mouse,238.0,245,Supplier-B,2025-03-31,1985
WH-A,Tablet,239.0,191,Supplier-A,2024-12-18,2371
WH-B,Printer,165.0,226,Supplier-A,2025-11-07,2593
WH-D,Keyboard,500.0,75,Supplier-B,2024-11-25,2944
WH-A,Mobile,335.0,76,Supplier-X,2025-10-26,2209
WH-E,Mobile,277.0,58,Supplier-A,2025-01-11,3222
WH-C,Printer,134.0,191,Supplier-Y,2025-12-09,2347
WH-A,Monitor,83.0,168,Supplier-A,2026-02-07,1610
WH-D,Laptop,420.0,122,Supplier-Z,2026-01-11,3547
WH-C,Keyboard,364.0,156,Supplier-A,2026-02-17,2208
WH-A,Laptop,424.0,182,Supplier-Y,2025-11-25,3141
WH-E,Mouse,107.0,160,Supplier-Z,2025-12-11,1744
WH-E,Printer,335.0,63,Supplier-Y,2026-04-13,3565
WH-E,Printer,500.0,236,Supplier-Y,2024-10-15,3738
WH-D,Mouse,101.0,75,Supplier-B,2025-10-31,1966
WH-B,Mobile,421.0,245,Supplier-B,2024-09-14,3134
WH-C,Tablet,,56,Supplier-Z,2026-06-02,1873
WH-A,Tablet,336.0,70,Supplier-X,2025-10-31,2350
WH-D,Laptop,252.0,249,Supplier-Y,2025-11-15,2989
WH-B,Monitor,172.0,112,Supplier-Y,2024-07-31,2037
WH-D,Keyboard,,86,Supplier-X,2025-02-25,1321
WH-A,Mobile,255.0,81,Supplier-X,2026-03-05,1769
WH-B,Keyboard,478.0,69,Supplier-Z,2025-06-08,2487
WH-C,Monitor,71.0,55,Supplier-A,2024-07-26,1974
WH-A,Camera,127.0,146,Supplier-X,2025-09-24,1991
WH-D,Tablet,,95,Supplier-Y,2025-04-10,2087
WH-E,Laptop,195.0,173,Supplier-X,2026-01-20,3049
WH-E,Laptop,287.0,81,Supplier-Y,2024-10-11,3209
WH-E,Laptop,31.0,244,Supplier-B,2024-09-09,2721
WH-B,Mouse,480.0,133,Supplier-X,2026-06-07,2010
WH-B,Mobile,157.0,101,Supplier-Y,2025-02-15,1768
WH-C,Keyboard,401.0,161,Supplier-A,2025-03-11,2565
WH-D,Monitor,108.0,233,Supplier-Z,2026-02-01,2117
WH-D,Mobile,426.0,129,Supplier-B,2025-05-19,3312
WH-B,Camera,472.0,202,Supplier-A,2024-11-14,3748
WH-C,Mouse,75.0,159,Supplier-B,2024-12-03,1427
WH-E,Mouse,479.0,66,Supplier-Z,2024-10-11,2967
WH-B,Laptop,149.0,125,Supplier-B,2026-03-03,2706
WH-E,Mouse,35.0,132,Supplier-A,2025-08-23,1724
WH-B,Mouse,57.0,145,Supplier-Y,2026-05-12,961
WH-B,Mouse,24.0,52,Supplier-X,2025-04-11,939
WH-C,Monitor,310.0,109,Supplier-A,2025-08-17,2767
WH-A,Printer,328.0,105,Supplier-Z,2025-07-25,2486
WH-E,Keyboard,472.0,221,Supplier-B,2026-06-10,3054
WH-E,Printer,182.0,100,Supplier-A,2025-01-28,2996
WH-A,Camera,43.0,157,Supplier-A,2026-04-07,1940
WH-A,Camera,327.0,148,Supplier-Y,2024-11-05,2652
WH-E,Laptop,29.0,197,Supplier-Z,2025-01-16,2439
WH-D,Keyboard,450.0,59,Supplier-Y,2026-06-10,2723
WH-E,Laptop,,170,Supplier-Z,2026-04-02,2398
WH-D,Keyboard,182.0,152,Supplier-Z,2025-07-10,1786
WH-E,Mouse,,126,Supplier-A,2026-03-19,1756
WH-D,Camera,451.0,208,Supplier-X,2025-02-15,3455
WH-A,Monitor,,76,Supplier-X,2026-01-31,1015
WH-D,Monitor,65.0,144,Supplier-Y,2026-05-08,2162
WH-E,Laptop,152.0,61,Supplier-X,2025-03-21,2662
WH-A,Keyboard,155.0,206,Supplier-X,2026-03-17,1270
WH-D,Keyboard,493.0,167,Supplier-Y,2024-09-28,2640
WH-B,Mouse,405.0,155,Supplier-Y,2025-06-29,2141
WH-D,Mobile,290.0,172,Supplier-B,2024-08-28,3158
WH-D,Keyboard,415.0,107,Supplier-Z,2024-10-18,2492
WH-C,Keyboard,200.0,112,Supplier-X,2026-02-06,1737
WH-B,Mobile,,53,Supplier-X,2024-12-23,1493
WH-B,Camera,116.0,137,Supplier-A,2026-04-30,2404
WH-E,Mouse,382.0,89,Supplier-Z,2025-12-08,2880
WH-E,Mobile,132.0,148,Supplier-Y,2026-01-14,2477
WH-E,Monitor,,158,Supplier-A,2025-12-06,2034
WH-C,Mobile,256.0,240,Supplier-Y,2025-05-05,2274
WH-B,Laptop,115.0,171,Supplier-A,2026-04-18,2533
WH-E,Camera,155.0,190,Supplier-Z,2026-03-17,2958
WH-C,Printer,97.0,160,Supplier-Y,2025-09-06,2301
WH-C,Laptop,159.0,62,Supplier-A,2025-04-11,2859
WH-D,Printer,170.0,95,Supplier-Y,2024-09-09,2764
WH-C,Camera,241.0,62,Supplier-B,2026-03-07,3303
WH-B,Mobile,,59,Supplier-Y,2025-05-03,1544
WH-C,Monitor,292.0,107,Supplier-X,2024-07-11,2443
WH-D,Printer,71.0,227,Supplier-A,2025-01-22,2500
WH-D,Monitor,422.0,213,Supplier-Y,2025-08-21,2963
WH-E,Keyboard,68.0,229,Supplier-X,2024-10-04,1722
WH-D,Keyboard,107.0,67,Supplier-Y,2025-06-19,1506
WH-B,Mouse,92.0,220,Supplier-A,2025-04-13,1318
WH-D,Mouse,110.0,69,Supplier-X,2025-12-05,1317
WH-A,Mouse,,113,Supplier-A,2026-02-02,841
WH-A,Laptop,310.0,124,Supplier-X,2025-12-05,2707
WH-B,Tablet,,127,Supplier-Y,2025-01-20,1761
WH-C,Camera,396.0,189,Supplier-A,2025-09-28,3469
WH-D,Keyboard,,140,Supplier-Z,2025-04-22,1354
WH-C,Camera,158.0,236,Supplier-X,2026-03-31,2651
WH-A,Tablet,458.0,86,Supplier-A,2025-11-08,2906
WH-D,Laptop,315.0,160,Supplier-Y,2026-07-01,3179
WH-B,Mobile,491.0,213,Supplier-Y,2025-04-15,2778
WH-C,Camera,109.0,223,Supplier-B,2024-09-23,2755
WH-C,Printer,233.0,120,Supplier-B,2025-12-07,2907
WH-B,Laptop,286.0,206,Supplier-B,2024-12-29,2870
WH-D,Camera,425.0,123,Supplier-B,2025-07-02,3781
WH-A,Camera,258.0,183,Supplier-Y,2024-07-20,2472
WH-E,Tablet,269.0,125,Supplier-Z,2025-10-25,2864
WH-D,Laptop,164.0,81,Supplier-Y,2026-05-18,2569
WH-D,Keyboard,240.0,50,Supplier-X,2025-09-10,1745
WH-C,Tablet,469.0,178,Supplier-Z,2025-03-12,3397
WH-E,Tablet,385.0,237,Supplier-X,2026-06-11,3105
WH-D,Mobile,,140,Supplier-Z,2025-10-17,1877
WH-D,Printer,,116,Supplier-A,2024-12-19,2304
WH-E,Keyboard,308.0,132,Supplier-Y,2025-11-16,2635
WH-E,Tablet,148.0,191,Supplier-Y,2024-08-19,2496
WH-C,Keyboard,172.0,210,Supplier-X,2025-11-06,1552
WH-E,Tablet,420.0,161,Supplier-A,2026-04-01,3459
WH-B,Camera,277.0,232,Supplier-Z,2025-06-26,2864
WH-D,Mouse,258.0,155,Supplier-A,2026-06-07,2210
WH-A,Laptop,65.0,207,Supplier-A,2025-12-27,1999
WH-B,Mouse,337.0,194,Supplier-Y,2025-02-20,2060
WH-C,Laptop,84.0,51,Supplier-A,2025-11-17,2538
WH-E,Camera,,216,Supplier-X,2025-05-14,2304
WH-C,Mobile,309.0,134,Supplier-Z,2024-09-29,2919
WH-A,Mobile,365.0,233,Supplier-B,2024-10-17,2472
WH-B,Tablet,399.0,84,Supplier-B,2024-08-05,2961
WH-B,Keyboard,388.0,51,Supplier-Z,2024-07-29,2376
WH-D,Monitor,,204,Supplier-X,2025-02-22,1900
WH-A,Mobile,124.0,56,Supplier-Y,2025-07-18,1848
WH-E,Camera,48.0,126,Supplier-A,2024-09-29,2901
WH-D,Tablet,450.0,116,Supplier-Y,2024-09-14,3520
WH-E,Camera,83.0,212,Supplier-B,2024-12-30,2910
WH-B,Tablet,107.0,229,Supplier-Y,2026-05-21,1950
WH-B,Camera,168.0,75,Supplier-A,2025-08-22,2755
WH-D,Mouse,220.0,77,Supplier-Z,2024-10-14,1997
WH-D,Printer,34.0,80,Supplier-Y,2025-04-28,2340
WH-D,Laptop,,216,Supplier-B,2025-06-18,2686
WH-E,Camera,484.0,85,Supplier-X,2025-04-15,3941
WH-D,Keyboard,101.0,178,Supplier-X,2025-12-03,1410
WH-C,Printer,52.0,88,Supplier-B,2026-01-29,2386
WH-E,Mouse,386.0,85,Supplier-A,2025-12-23,2700
WH-C,Printer,489.0,173,Supplier-X,2025-08-24,3309
WH-D,Tablet,382.0,248,Supplier-B,2025-05-22,3533
WH-E,Keyboard,377.0,198,Supplier-Y,2025-09-30,2609
WH-E,Printer,,237,Supplier-X,2026-01-28,2131
WH-B,Mobile,275.0,171,Supplier-X,2026-01-16,2140
WH-B,Monitor,480.0,236,Supplier-X,2024-10-29,2686
WH-D,Mobile,333.0,59,Supplier-X,2026-05-19,2982
WH-A,Camera,330.0,57,Supplier-Z,2025-05-19,2729
WH-C,Mobile,213.0,213,Supplier-A,2025-11-21,2582
WH-E,Monitor,149.0,223,Supplier-Y,2024-09-15,2343
WH-B,Monitor,242.0,99,Supplier-Y,2026-04-09,1920
WH-E,Laptop,,85,Supplier-X,2025-07-16,2152
WH-C,Printer,299.0,137,Supplier-B,2025-10-22,3041
WH-E,Camera,446.0,171,Supplier-Y,2025-05-13,3944
WH-C,Mouse,480.0,85,Supplier-B,2026-06-30,2950
WH-A,Camera,340.0,68,Supplier-A,2025-02-03,3061
WH-A,Tablet,172.0,177,Supplier-B,2024-07-26,2084
WH-A,Mouse,134.0,124,Supplier-X,2025-12-19,1126
WH-C,Printer,54.0,90,Supplier-Z,2025-04-14,2159
WH-A,Monitor,497.0,129,Supplier-B,2024-12-16,2945
WH-E,Laptop,377.0,199,Supplier-B,2025-06-10,3922
WH-C,Laptop,193.0,101,Supplier-X,2025-06-11,2500
WH-A,Tablet,300.0,134,Supplier-Y,2024-12-31,2437
WH-A,Monitor,57.0,194,Supplier-A,2026-04-26,1633
WH-A,Mouse,233.0,206,Supplier-X,2025-04-08,1040
WH-E,Camera,158.0,76,Supplier-Y,2024-09-16,2842
WH-D,Monitor,240.0,250,Supplier-Z,2025-12-15,2805
WH-B,Laptop,33.0,100,Supplier-X,2025-04-12,1922
WH-E,Printer,302.0,149,Supplier-X,2025-08-27,3348
WH-D,Tablet,379.0,85,Supplier-A,2026-06-01,3146
WH-D,Mobile,482.0,99,Supplier-B,2025-11-13,3571
WH-D,Laptop,,52,Supplier-Y,2025-04-05,2166
WH-D,Laptop,467.0,64,Supplier-X,2024-08-17,3390
WH-A,Tablet,112.0,130,Supplier-A,2025-05-06,1865
WH-E,Monitor,86.0,172,Supplier-Z,2025-01-31,2444
WH-A,Mobile,148.0,102,Supplier-X,2024-11-25,1647
WH-C,Monitor,385.0,143,Supplier-A,2024-10-03,3104
WH-E,Keyboard,289.0,131,Supplier-Y,2026-04-20,2524
WH-E,Mobile,197.0,230,Supplier-X,2026-04-02,2659
WH-D,Keyboard,124.0,183,Supplier-X,2025-06-19,1490
WH-C,Monitor,210.0,86,Supplier-X,2024-09-10,1898
WH-B,Camera,,58,Supplier-A,2025-11-27,2088
WH-C,Printer,443.0,65,Supplier-Z,2024-12-12,3321
WH-E,Printer,29.0,148,Supplier-A,2025-11-11,2664
WH-A,Monitor,214.0,160,Supplier-Y,2025-11-09,1864
WH-A,Keyboard,297.0,56,Supplier-X,2025-10-07,1602
WH-C,Keyboard,130.0,137,Supplier-B,2024-07-17,1961
WH-E,Printer,420.0,238,Supplier-A,2024-08-09,3995
WH-A,Mobile,218.0,223,Supplier-B,2026-03-04,2151
WH-E,Camera,313.0,246,Supplier-A,2025-03-17,3754
WH-C,Tablet,259.0,110,Supplier-A,2025-01-06,2594
WH-A,Keyboard,63.0,247,Supplier-Z,2024-10-06,1066
WH-C,Mouse,,120,Supplier-B,2026-03-04,1285
WH-C,Keyboard,26.0,195,Supplier-B,2025-09-12,1616
WH-C,Keyboard,247.0,162,Supplier-Y,2024-12-07,1645
WH-D,Laptop,265.0,192,Supplier-Z,2024-08-23,3056
WH-D,Laptop,,206,Supplier-B,2026-04-06,2632
WH-C,Mobile,112.0,120,Supplier-A,2026-02-15,2118
WH-D,Tablet,342.0,208,Supplier-Y,2025-09-04,3111
WH-A,Monitor,,225,Supplier-X,2024-12-08,1109
WH-D,Mouse,303.0,65,Supplier-X,2025-09-29,2174
WH-C,Keyboard,367.0,140,Supplier-X,2024-12-15,2177
WH-A,Monitor,,163,Supplier-Z,2026-03-24,1107
WH-E,Mobile,124.0,145,Supplier-Y,2026-05-07,2646
WH-D,Mobile,468.0,56,Supplier-A,2024-12-28,3421
WH-E,Mouse,228.0,145,Supplier-Z,2025-03-13,2224
WH-C,Laptop,,88,Supplier-Y,2026-02-22,2152
WH-A,Mobile,128.0,180,Supplier-B,2024-10-23,2100
WH-E,Mouse,213.0,58,Supplier-Y,2026-03-05,2175
WH-B,Printer,59.0,107,Supplier-X,2026-05-31,1916
WH-E,Printer,395.0,185,Supplier-B,2025-10-06,4043
WH-A,Camera,286.0,118,Supplier-B,2024-07-03,2807
WH-E,Keyboard,188.0,246,Supplier-Y,2025-02-01,2049
WH-B,Camera,403.0,227,Supplier-Z,2026-04-28,3182
WH-D,Printer,60.0,179,Supplier-Z,2024-10-21,2269
WH-C,Camera,137.0,157,Supplier-B,2024-10-09,2778
WH-E,Tablet,145.0,154,Supplier-B,2025-08-24,3030
WH-E,Tablet,153.0,137,Supplier-B,2025-01-11,2869
WH-A,Mobile,235.0,87,Supplier-A,2026-03-13,2249
WH-D,Monitor,468.0,92,Supplier-Y,2024-11-13,3015
WH-D,Keyboard,384.0,240,Supplier-B,2024-09-24,2603
WH-B,Laptop,32.0,68,Supplier-A,2025-11-26,2013
WH-E,Printer,201.0,228,Supplier-A,2026-05-04,3238
WH-B,Keyboard,192.0,136,Supplier-X,2024-07-21,1478
WH-E,Mobile,57.0,140,Supplier-X,2024-10-11,2150
WH-D,Camera,168.0,229,Supplier-A,2024-07-12,2922
WH-B,Mobile,,201,Supplier-Y,2025-04-05,1439
WH-D,Printer,244.0,234,Supplier-Z,2026-03-06,3083
WH-C,Mobile,172.0,62,Supplier-Y,2026-03-05,2254
WH-E,Printer,185.0,243,Supplier-Z,2025-01-01,2896
WH-B,Laptop,240.0,197,Supplier-Y,2025-10-01,2820
WH-E,Mouse,197.0,80,Supplier-X,2025-03-09,1838
WH-C,Camera,134.0,123,Supplier-A,2024-07-13,2684
WH-E,Mobile,361.0,74,Supplier-Y,2024-11-13,3038
WH-E,Tablet,326.0,188,Supplier-X,2025-01-23,3103
WH-B,Laptop,446.0,144,Supplier-A,2024-08-10,3292
WH-C,Printer,286.0,166,Supplier-A,2024-10-07,2959
WH-A,Mobile,475.0,117,Supplier-A,2026-01-28,2719
WH-B,Keyboard,201.0,240,Supplier-X,2025-05-23,1609
WH-B,Mobile,100.0,120,Supplier-Z,2025-08-13,1882
WH-E,Mobile,476.0,160,Supplier-Z,2024-09-27,3429
WH-E,Mouse,450.0,210,Supplier-Y,2026-01-31,2568
WH-A,Monitor,320.0,106,Supplier-Y,2024-08-19,2254
WH-B,Keyboard,97.0,97,Supplier-A,2025-07-05,1566
WH-D,Keyboard,121.0,72,Supplier-Y,2025-06-14,1727
WH-B,Laptop,54.0,206,Supplier-A,2026-02-25,2118
WH-B,Laptop,372.0,147,Supplier-A,2025-04-08,3289
WH-E,Monitor,267.0,96,Supplier-Z,2025-08-03,3100
WH-C,Monitor,362.0,211,Supplier-Z,2025-10-05,2736
WH-E,Mouse,266.0,106,Supplier-B,2024-09-23,2355
WH-C,Printer,186.0,158,Supplier-A,2025-06-17,2567
WH-B,Camera,358.0,228,Supplier-Z,2025-07-27,3127
WH-B,Camera,327.0,110,Supplier-A,2024-12-20,2945
WH-C,Keyboard,130.0,250,Supplier-B,2025-10-21,1799
WH-A,Mouse,365.0,150,Supplier-Z,2024-08-03,2009
WH-D,Printer,153.0,118,Supplier-A,2026-01-16,2857
WH-B,Mouse,177.0,106,Supplier-X,2026-03-01,1324
WH-B,Monitor,334.0,83,Supplier-X,2026-06-06,2361
WH-E,Laptop,430.0,249,Supplier-X,2026-05-05,3800
WH-C,Mouse,52.0,182,Supplier-B,2025-11-24,1363
WH-C,Monitor,449.0,233,Supplier-Y,2025-08-10,2814
WH-C,Tablet,189.0,191,Supplier-Z,2025-02-20,2592
WH-B,Laptop,,184,Supplier-X,2025-06-21,1602
WH-E,Printer,41.0,127,Supplier-A,2025-11-12,2485
WH-B,Monitor,159.0,250,Supplier-X,2024-07-25,1720
WH-D,Tablet,,68,Supplier-Z,2024-08-17,2108
WH-D,Laptop,400.0,204,Supplier-X,2025-07-08,3227
WH-A,Printer,445.0,129,Supplier-Y,2026-04-20,3086
WH-C,Printer,,120,Supplier-B,2025-05-08,2284
WH-B,Mobile,355.0,146,Supplier-Z,2025-05-28,2564
WH-D,Mobile,228.0,173,Supplier-Y,2025-12-15,2479
WH-E,Monitor,28.0,236,Supplier-A,2024-09-22,2235
WH-C,Mobile,134.0,56,Supplier-A,2025-07-16,2255
WH-B,Camera,264.0,214,Supplier-Z,2026-01-05,2801
WH-C,Tablet,68.0,103,Supplier-X,2026-06-07,2096
WH-D,Monitor,92.0,171,Supplier-X,2025-06-10,1993
WH-E,Monitor,412.0,155,Supplier-X,2024-08-27,3045
WH-C,Tablet,184.0,203,Supplier-X,2026-05-30,2210
WH-A,Keyboard,406.0,175,Supplier-Y,2024-09-01,1997
WH-D,Mouse,184.0,173,Supplier-Y,2025-03-08,1815
WH-E,Mobile,237.0,146,Supplier-X,2025-10-16,2526
WH-A,Tablet,403.0,100,Supplier-B,2024-10-24,2883
WH-A,Laptop,273.0,184,Supplier-A,2024-08-21,2718
WH-B,Printer,24.0,161,Supplier-A,2024-10-07,1972
WH-C,Mouse,475.0,216,Supplier-B,2025-01-30,2609
WH-B,Keyboard,370.0,207,Supplier-B,2025-10-28,2475
WH-C,Keyboard,256.0,134,Supplier-A,2025-11-04,2250
WH-B,Tablet,386.0,52,Supplier-B,2025-09-28,2970
WH-D,Tablet,,51,Supplier-Y,2025-08-30,1909
WH-B,Monitor,295.0,74,Supplier-X,2026-01-05,1966
